enrollment_id,student_id,enrollment_date,progress_percentage,completion_status,studentname,email_x,phone_x,address_x,join_date_x,payment_id,revenue,payment_method,review_id,rating,review_text,review_date,course_ids,instructor_id,coursename,instructorname,email_y,phone_y,address_y,join_date_y
1,1,2025-10-25,74.61,InProgress,Jonathan Ward,beckchristopher@example.org,419-315-7369x48500,North Jacquelinestad,2024-03-08,1,759.02,Wallet,1,9,Site perhaps save direction research pattern first town over.,2025-11-26,1,14,SQL Server Essentials - 1,Melvin Wells,jacob42@example.com,001-783-994-1212x9876,New Andrew,2024-11-01
2,2,2023-04-28,96.43,Done,Kevin Stokes,clarkcynthia@example.org,001-767-503-1513x597,South Richard,2025-11-12,2,848.03,Cash,2,3,Resource create particular happy Democrat.,2023-06-22,2,20,Data Modeling - 2,Crystal Patel,mellis@example.com,+1-550-222-6480x044,Mendezfort,2024-08-26
3,3,2025-07-21,86.39,InProgress,Mark Foster,tlove@example.com,288-908-9698,West Troyburgh,2024-04-30,3,317.68,Credit Card,3,2,Room price rate tax at pick clear.,2025-09-04,3,3,Data Visualization - 3,Daniel Brown,melissajenkins@example.com,965-227-6342,West Stephaniebury,2023-06-01
4,4,2025-01-28,96.83,Done,Douglas Goodwin,xgonzales@example.net,(916)889-8619x62359,West Vincent,2024-07-16,4,281.57,Credit Card,4,4,Stuff young head when wonder door their.,2025-03-20,4,16,Power BI Basics - 4,Jerry Blake,youngheidi@example.net,(261)996-5416x52138,Lake Kellitown,2024-03-07
5,5,2023-03-06,91.12,InProgress,Andrea Collier,jose21@example.net,(777)696-3147x789,Brendamouth,2024-07-31,5,279.41,Credit Card,5,6,Sort the analysis general can customer.,2023-03-07,5,10,Python for Data Analysis - 5,Kenneth Robinson,kelleychristina@example.org,(312)275-7837x00671,Daviston,2025-08-12
6,6,2024-05-29,97.76,Done,Mark Boyd,juliancasey@example.com,530.947.5668x19013,Maryberg,2024-05-13,6,206.69,Wallet,6,3,Since pressure religious hospital before control for training than real.,2024-06-13,6,20,Data Modeling - 6,Crystal Patel,mellis@example.com,+1-550-222-6480x044,Mendezfort,2024-08-26
7,7,2025-12-31,99.1,Done,Jared Wright,swansonmatthew@example.net,+1-760-631-2611x617,Smithland,2024-01-25,7,385.21,Cash,7,2,Best course if issue assume apply effort manage political arrive lot.,2026-02-14,7,9,Statistics for Data - 7,Loretta Weaver,lopezdenise@example.org,+1-904-870-3635,Tuckerside,2023-07-05
8,8,2024-02-01,65.52,InProgress,Linda Gonzalez,johnpeters@example.com,(361)516-0679x5824,Denisetown,2025-07-09,8,585.21,Credit Card,8,7,Fly grow break night they fight involve analysis commercial available.,2024-02-27,8,14,ETL Foundations - 8,Melvin Wells,jacob42@example.com,001-783-994-1212x9876,New Andrew,2024-11-01
9,9,2025-08-29,98.83,Done,Christopher Garrett,ashlee54@example.org,(467)950-9632x71522,Vincentton,2025-06-01,9,316.49,Cash,9,6,Throughout thank relationship piece mind her economic information term hundred.,2025-10-15,9,11,Excel Reporting - 9,Roberto Black,zacharydaniels@example.net,9569400682,Stevenstad,2024-07-10
10,10,2024-06-23,97.6,Done,Sharon Cardenas,hwarren@example.com,(281)431-8842x7372,North Andre,2023-09-06,10,328.72,Credit Card,10,8,Language spend behind sound feeling agent somebody.,2024-07-19,10,5,Data Modeling - 10,Brandon Wilkins,crystal63@example.org,(744)741-9347,Bradymouth,2025-10-15
11,11,2025-09-19,0.0,Pending,Carolyn Wilcox,tracywhite@example.net,319.674.5597,West Tracey,2025-08-01,11,467.09,Credit Card,11,3,Speech heart cost organization base back business base.,2025-09-28,11,1,Data Visualization - 11,David Sanders,ckeller@example.net,+1-407-848-2950,Johnbury,2025-04-30
12,12,2024-10-08,64.01,InProgress,Timothy Simpson,gilbertamy@example.com,(227)960-4164x1022,North Robinton,2024-03-22,12,402.19,Wallet,12,7,Think significant use party.,2024-10-17,12,20,Intro to Programming - 12,Crystal Patel,mellis@example.com,+1-550-222-6480x044,Mendezfort,2024-08-26
13,13,2023-09-11,98.19,Done,Sara Hurley,sullivanmonica@example.org,+1-977-252-8326x1946,Chenhaven,2023-05-16,13,111.09,Credit Card,13,3,Instead modern miss hair specific everyone moment expert year.,2023-09-22,13,7,SQL Server Essentials - 13,Jared Campbell,harrisjames@example.net,+1-304-634-1198,Port Courtneyhaven,2024-01-22
14,14,2024-10-30,98.06,Done,Douglas Jackson,iwashington@example.com,482-240-8281,North Fernando,2024-01-13,14,574.52,Credit Card,14,5,Audience despite remain concern cut audience.,2024-12-13,14,4,Intro to Programming - 14,Lori Cook,lisamarshall@example.com,510.857.2163,South Carlos,2024-12-27
15,15,2024-08-01,98.12,Done,Melinda Key MD,vcochran@example.org,001-710-633-6474x08669,Port Teresaside,2024-04-16,15,195.03,Wallet,15,2,Worker continue by economy attack.,2024-08-14,15,10,Business Intelligence - 15,Kenneth Robinson,kelleychristina@example.org,(312)275-7837x00671,Daviston,2025-08-12
16,16,2025-02-02,98.78,Done,Jesse Payne,gcarson@example.org,001-515-740-4553,New Ashley,2025-09-21,16,226.18,Cash,16,3,Very future your simply throughout past station.,2025-03-13,16,17,Python for Data Analysis - 16,Christine Marshall,uneal@example.net,001-387-316-5757x8196,Owensview,2025-04-25
17,17,2024-11-13,50.48,InProgress,Jennifer Holloway,smorgan@example.org,6067360328,West David,2023-06-09,17,721.97,Wallet,17,2,Recently open wear rather listen age Mrs.,2024-12-21,17,18,Intro to Programming - 17,Kevin Wood,robertsoncheryl@example.net,232-432-1107x6223,South Kristaburgh,2025-08-22
18,18,2024-11-27,0.0,Pending,Robert Sanford,laurensingleton@example.org,390.868.3630,East Melissa,2023-03-17,18,253.38,Cash,18,2,Occur summer section important report.,2024-12-08,18,3,SQL Server Essentials - 18,Daniel Brown,melissajenkins@example.com,965-227-6342,West Stephaniebury,2023-06-01
19,19,2024-12-12,95.64,Done,Wanda Morris,jennifermoses@example.org,402-401-4376x6286,Lake Nathanielland,2023-07-15,19,404.06,Wallet,19,10,I parent scene environmental land interview happen interest.,2025-01-24,19,8,Data Modeling - 19,Daniel Craig,hermanbrett@example.net,833.832.5558,Kramerport,2025-02-22
20,20,2025-10-08,97.65,Done,Julia Schneider,bairdashley@example.com,258.205.7977,Marshalltown,2024-09-09,20,243.18,Credit Card,20,9,Recognize a owner draw on.,2025-11-12,20,12,Data Visualization - 20,Jesse Thomas,michael05@example.org,001-516-882-0804x063,West Stephanieville,2023-08-12
21,21,2025-02-18,25.12,Cancelled,Jasmine Mcdonald,lyoung@example.com,+1-677-654-7846x737,Tiffanyport,2024-08-25,21,221.57,Wallet,21,3,Such laugh choose open century activity page chair know thus.,2025-04-10,21,5,Excel Reporting - 21,Brandon Wilkins,crystal63@example.org,(744)741-9347,Bradymouth,2025-10-15
22,22,2023-07-21,97.54,Done,Linda Hall,donnahogan@example.com,650-872-9867,Markmouth,2023-01-12,22,286.41,Credit Card,22,1,Until employee executive far now.,2023-07-29,22,18,Statistics for Data - 22,Kevin Wood,robertsoncheryl@example.net,232-432-1107x6223,South Kristaburgh,2025-08-22
23,23,2023-08-20,54.95,InProgress,Belinda Le,wdecker@example.org,500.697.1869x4037,Tracymouth,2024-10-08,23,512.76,Cash,23,3,Black plant suddenly picture key option why take.,2023-09-11,23,5,Excel Reporting - 23,Brandon Wilkins,crystal63@example.org,(744)741-9347,Bradymouth,2025-10-15
24,24,2024-07-15,96.13,Done,David Cross,ericlucas@example.org,(205)758-7060x2634,New Robert,2025-11-27,24,208.42,Credit Card,24,6,Pick box language wish industry arm.,2024-08-29,24,15,Intro to Programming - 24,George Barnes,ccastro@example.com,486.459.7048x36220,East Luis,2024-01-04
25,25,2025-09-06,50.75,InProgress,Jason Gross,michaelwatson@example.com,653.443.7756x798,New Stacyton,2023-03-28,25,601.41,Credit Card,25,10,Clearly nature support south place partner soon soon.,2025-10-01,25,4,Advanced SQL Queries - 25,Lori Cook,lisamarshall@example.com,510.857.2163,South Carlos,2024-12-27
26,26,2023-05-12,61.82,InProgress,David Martin,pgardner@example.net,443.282.4136,Jennifermouth,2025-11-08,26,643.91,Cash,26,6,Window pattern mouth such appear.,2023-05-21,26,5,Database Fundamentals - 26,Brandon Wilkins,crystal63@example.org,(744)741-9347,Bradymouth,2025-10-15
27,27,2024-07-13,48.51,InProgress,Regina Orozco,carrillochristopher@example.net,742.203.9677,Orozcochester,2025-09-04,27,538.64,Cash,27,2,Response day current probably bar democratic suggest population.,2024-07-15,27,1,Data Visualization - 27,David Sanders,ckeller@example.net,+1-407-848-2950,Johnbury,2025-04-30
28,28,2025-06-06,99.61,Done,Brittany Phillips,amberwu@example.net,001-941-883-6066x5360,Smithfort,2023-10-08,28,419.97,Credit Card,28,1,Receive key student ever within.,2025-07-13,28,10,Business Intelligence - 28,Kenneth Robinson,kelleychristina@example.org,(312)275-7837x00671,Daviston,2025-08-12
29,29,2024-01-12,95.16,Done,Margaret Foster,daltonedward@example.com,3138068412,East Carolyn,2025-04-10,29,508.0,Cash,29,10,Do ago college project civil their step a magazine focus organization.,2024-01-13,29,7,Power BI Basics - 29,Jared Campbell,harrisjames@example.net,+1-304-634-1198,Port Courtneyhaven,2024-01-22
30,30,2024-02-13,99.61,Done,Shane Shelton,saguilar@example.net,641-644-0727x7467,Gutierrezmouth,2025-09-23,30,228.23,Cash,30,1,Stay scientist can administration own entire view make newspaper good cut.,2024-02-16,30,13,Database Fundamentals - 30,Jordan Pena,norrisjanet@example.net,924-510-5820x76178,East Jamie,2023-07-24
31,31,2023-05-12,0.0,Pending,Courtney Zuniga,stephenbernard@example.com,874.578.4666x3298,South Patricia,2024-08-03,31,230.76,Cash,31,3,Full which certainly various home daughter have these fire believe.,2023-06-05,31,5,Power BI Basics - 31,Brandon Wilkins,crystal63@example.org,(744)741-9347,Bradymouth,2025-10-15
32,32,2025-02-12,97.44,Done,Andrew Long,mstewart@example.net,679-784-0151,Port Hannah,2025-05-09,32,596.55,Cash,32,8,Fish end no doctor life itself ever eight.,2025-03-07,32,16,Database Fundamentals - 32,Jerry Blake,youngheidi@example.net,(261)996-5416x52138,Lake Kellitown,2024-03-07
33,33,2024-06-27,99.84,Done,Allen Morris,fporter@example.com,419.292.5982,Hansonburgh,2025-08-14,33,240.74,Wallet,33,4,Particularly laugh general soldier spring worry window performance strong control everyone.,2024-08-23,33,3,Intro to Programming - 33,Daniel Brown,melissajenkins@example.com,965-227-6342,West Stephaniebury,2023-06-01
34,34,2025-02-26,82.64,InProgress,Brittany Romero,hutchinsonstephen@example.com,5629594278,South Brandon,2025-03-07,34,861.28,Credit Card,34,8,Style wide professional dream nice oil consider.,2025-03-06,34,10,Python for Data Analysis - 34,Kenneth Robinson,kelleychristina@example.org,(312)275-7837x00671,Daviston,2025-08-12
35,35,2024-08-02,98.37,Done,Gina Hernandez,luke20@example.net,001-814-333-6411,North Nancy,2023-11-15,35,510.96,Cash,35,4,Room special lot level sit director PM under positive reduce soon.,2024-09-22,35,20,Database Fundamentals - 35,Crystal Patel,mellis@example.com,+1-550-222-6480x044,Mendezfort,2024-08-26
36,36,2024-10-06,96.68,Done,Mike Thompson,eschaefer@example.net,001-463-923-8379x010,Mcdonaldborough,2023-12-08,36,641.32,Wallet,36,8,Sure sit be commercial training difference door space.,2024-11-17,36,2,SQL Server Essentials - 36,Kenneth Gregory,stacey43@example.net,(914)713-9142x52503,North Jamesmouth,2025-10-18
37,37,2024-05-16,0.0,Pending,Diane Jenkins,zbrown@example.org,+1-656-282-7633x4904,Port Brandon,2025-11-15,37,527.85,Cash,37,2,Happen build per door worry push about.,2024-07-08,37,15,Data Visualization - 37,George Barnes,ccastro@example.com,486.459.7048x36220,East Luis,2024-01-04
38,38,2023-09-15,96.09,Done,Thomas Gonzales,stacey72@example.net,(740)317-8223x8962,Brennanland,2024-10-23,38,475.42,Cash,38,10,Bag cause within can short should a.,2023-10-01,38,1,Power BI Basics - 38,David Sanders,ckeller@example.net,+1-407-848-2950,Johnbury,2025-04-30
39,39,2024-01-31,96.05,Done,James Wood,matthewmclaughlin@example.com,748.200.2829,Andersontown,2023-07-19,39,345.39,Cash,39,7,She open stop rise indicate into.,2024-02-17,39,19,Business Intelligence - 39,William Lewis,djohnson@example.net,+1-451-281-3261x940,Sheenatown,2023-02-20
40,40,2023-11-12,98.13,Done,Lindsey Miles,crystalroy@example.net,001-717-261-4638x977,Shawtown,2024-11-01,40,453.34,Credit Card,40,3,Lay member activity current option tax.,2024-01-11,40,20,Excel Reporting - 40,Crystal Patel,mellis@example.com,+1-550-222-6480x044,Mendezfort,2024-08-26
41,41,2024-03-19,95.96,Done,Mr. Justin Rice,jenniferrubio@example.org,001-255-829-2943x61585,Dennisside,2023-11-06,41,687.28,Credit Card,41,6,Worker yourself her yes.,2024-05-06,41,12,Excel Reporting - 41,Jesse Thomas,michael05@example.org,001-516-882-0804x063,West Stephanieville,2023-08-12
42,42,2025-12-18,95.51,Done,Michael Mitchell,flynnjeffrey@example.com,854.311.3091,New Catherine,2024-01-15,42,835.56,Wallet,42,6,Four black budget all method thought under site listen southern.,2025-12-25,42,12,Business Intelligence - 42,Jesse Thomas,michael05@example.org,001-516-882-0804x063,West Stephanieville,2023-08-12
43,43,2025-05-24,96.81,Done,Alexa Bowman,yolanda09@example.com,+1-872-498-5557x437,South Marktown,2023-01-06,43,183.03,Cash,43,7,Sort technology work artist save.,2025-06-29,43,9,Power BI Basics - 43,Loretta Weaver,lopezdenise@example.org,+1-904-870-3635,Tuckerside,2023-07-05
44,44,2023-02-13,37.3,InProgress,Jennifer Thompson,bishopchristian@example.org,343-342-1021x0883,Donaldborough,2023-12-03,44,846.26,Cash,44,4,Environment build traditional three up cup rule may purpose.,2023-04-13,44,2,Database Fundamentals - 44,Kenneth Gregory,stacey43@example.net,(914)713-9142x52503,North Jamesmouth,2025-10-18
45,45,2024-06-21,98.58,Done,Katherine Arias,timothy47@example.com,954.221.5407x499,Rebeccaside,2024-04-25,45,187.51,Cash,45,2,Until hour assume employee court dog make.,2024-07-04,45,5,Intro to Programming - 45,Brandon Wilkins,crystal63@example.org,(744)741-9347,Bradymouth,2025-10-15
46,46,2023-05-06,99.59,Done,Barbara Mcdaniel,joshua46@example.com,3242884446,South Annaside,2023-02-09,46,180.68,Credit Card,46,6,Seem show player cell property resource crime.,2023-07-03,46,7,Excel Reporting - 46,Jared Campbell,harrisjames@example.net,+1-304-634-1198,Port Courtneyhaven,2024-01-22
47,47,2023-06-11,99.13,Done,Julie Johnson,wstevens@example.org,288.985.8374x71848,Kyleborough,2024-08-18,47,423.8,Credit Card,47,6,Eat determine miss year baby his hard gas.,2023-06-23,47,6,Power BI Basics - 47,Timothy Arias,georgeblack@example.net,+1-205-739-6291x017,Kyleburgh,2025-11-11
48,48,2024-09-24,99.27,Done,Linda Evans,hillsamantha@example.com,+1-494-355-0772,East Douglas,2025-04-01,48,365.87,Cash,48,3,Worry resource then by trial cover will investment.,2024-10-26,48,10,Statistics for Data - 48,Kenneth Robinson,kelleychristina@example.org,(312)275-7837x00671,Daviston,2025-08-12
49,49,2023-04-19,99.16,Done,Karen Costa,nicole86@example.com,001-860-211-7234,West Meganville,2024-02-26,49,189.57,Wallet,49,9,Each improve start somebody station enough.,2023-05-03,49,12,Advanced SQL Queries - 49,Jesse Thomas,michael05@example.org,001-516-882-0804x063,West Stephanieville,2023-08-12
50,50,2024-09-07,99.61,Done,James Peterson,travis32@example.net,(475)629-9152x9687,Keithborough,2025-07-04,50,763.64,Cash,50,4,Or three hundred half son professional.,2024-10-28,50,18,Excel Reporting - 50,Kevin Wood,robertsoncheryl@example.net,232-432-1107x6223,South Kristaburgh,2025-08-22
51,51,2023-08-18,42.41,InProgress,Marcus Blevins,lsimmons@example.com,001-990-739-7480x62786,Port Miguelfurt,2023-03-07,51,640.81,Cash,51,8,Certain enough force language one view.,2023-08-21,51,17,Excel Reporting - 51,Christine Marshall,uneal@example.net,001-387-316-5757x8196,Owensview,2025-04-25
52,52,2025-02-09,95.61,Done,Eugene Fields,mannkristin@example.org,555-482-2481x6713,Hollystad,2024-09-01,52,194.44,Cash,52,1,Sound Congress easy none yes sing eye image.,2025-02-16,52,15,Data Modeling - 52,George Barnes,ccastro@example.com,486.459.7048x36220,East Luis,2024-01-04
53,53,2023-09-28,2.89,Cancelled,Bianca Landry,russell82@example.com,345-262-1887x7584,North Phyllis,2025-07-16,53,128.43,Cash,53,3,Identify box name not above bit.,2023-10-04,53,20,Data Modeling - 53,Crystal Patel,mellis@example.com,+1-550-222-6480x044,Mendezfort,2024-08-26
54,54,2024-09-02,95.44,Done,John Garcia,jonestammy@example.net,6748432225,Johnsonberg,2024-05-04,54,657.23,Credit Card,54,7,New relate expert soldier more.,2024-10-28,54,1,SQL Server Essentials - 54,David Sanders,ckeller@example.net,+1-407-848-2950,Johnbury,2025-04-30
55,55,2025-01-21,85.06,InProgress,Karen Zimmerman,scurtis@example.com,(564)998-2788x0819,New Jonathan,2024-11-19,55,364.45,Credit Card,55,2,Not cultural long gun remain bank shake.,2025-02-12,55,7,SQL Server Essentials - 55,Jared Campbell,harrisjames@example.net,+1-304-634-1198,Port Courtneyhaven,2024-01-22
56,56,2023-09-20,81.63,InProgress,Norman Santana,mcdonaldbryce@example.org,593-518-7980x802,North Melindahaven,2024-05-23,56,600.02,Wallet,56,6,Level create pay exist try rise outside quality.,2023-10-23,56,13,Data Modeling - 56,Jordan Pena,norrisjanet@example.net,924-510-5820x76178,East Jamie,2023-07-24
57,57,2025-12-14,96.71,Done,Courtney Shepherd,patriciawright@example.org,975-312-0630x102,New Diana,2025-08-17,57,669.77,Credit Card,57,5,Night his some whom her.,2026-02-07,57,8,Power BI Basics - 57,Daniel Craig,hermanbrett@example.net,833.832.5558,Kramerport,2025-02-22
58,58,2024-03-01,97.44,Done,Tammy Castro,john38@example.com,(210)450-6151x22242,Port Carlos,2023-12-10,58,595.5,Cash,58,3,Task investment short stage church.,2024-03-07,58,20,Python for Data Analysis - 58,Crystal Patel,mellis@example.com,+1-550-222-6480x044,Mendezfort,2024-08-26
59,59,2025-12-27,44.29,InProgress,Patricia Walker,aliciavazquez@example.com,478.302.6385,Sheltonland,2023-08-05,59,319.99,Credit Card,59,4,Cut suddenly health walk thousand over truth under.,2026-01-28,59,3,Statistics for Data - 59,Daniel Brown,melissajenkins@example.com,965-227-6342,West Stephaniebury,2023-06-01
60,60,2023-06-27,96.45,Done,Larry King,cjohns@example.org,+1-245-781-7494,South Emilyfort,2024-06-18,60,662.86,Credit Card,60,8,Still item item who then eat third reach mean.,2023-08-14,60,13,Python for Data Analysis - 60,Jordan Pena,norrisjanet@example.net,924-510-5820x76178,East Jamie,2023-07-24
61,61,2023-10-10,98.15,Done,William Rodriguez,mcollins@example.com,287.248.3592,South Rhonda,2024-12-09,61,553.58,Credit Card,61,6,Message improve kid research set report hair dark produce.,2023-11-19,61,2,Data Visualization - 61,Kenneth Gregory,stacey43@example.net,(914)713-9142x52503,North Jamesmouth,2025-10-18
62,62,2024-10-18,95.25,Done,Timothy Ashley,xhayes@example.com,518-386-4539x99466,Ericaport,2025-11-25,62,672.53,Credit Card,62,3,Prove charge image carry free.,2024-11-03,62,17,Intro to Programming - 62,Christine Marshall,uneal@example.net,001-387-316-5757x8196,Owensview,2025-04-25
63,63,2024-09-22,61.81,InProgress,Rebecca Richardson,stephanie05@example.com,995-544-6143,Josephfort,2024-07-05,63,479.92,Wallet,63,9,Job large another guess over as science dream.,2024-11-11,63,8,Intro to Programming - 63,Daniel Craig,hermanbrett@example.net,833.832.5558,Kramerport,2025-02-22
64,64,2024-01-08,98.53,Done,Jessica Hampton,mariatorres@example.org,001-264-343-6243x85312,West Tammy,2025-04-29,64,735.58,Cash,64,5,Responsibility first every reduce where step.,2024-03-07,64,4,Statistics for Data - 64,Lori Cook,lisamarshall@example.com,510.857.2163,South Carlos,2024-12-27
65,65,2024-05-14,40.45,Cancelled,Mary Williams,jesse10@example.com,+1-521-853-7522x7370,Brownbury,2025-06-02,65,137.96,Cash,65,6,Usually buy go about manage plant miss special trouble professional.,2024-06-26,65,5,ETL Foundations - 65,Brandon Wilkins,crystal63@example.org,(744)741-9347,Bradymouth,2025-10-15
66,66,2023-05-30,92.76,InProgress,Jasmine Cantrell,david78@example.com,001-727-804-9749x22920,Lake Phillipshire,2024-04-22,66,102.83,Wallet,66,8,Discover these several mother bill her.,2023-06-06,66,4,SQL Server Essentials - 66,Lori Cook,lisamarshall@example.com,510.857.2163,South Carlos,2024-12-27
67,67,2024-02-19,99.38,Done,Elizabeth Marquez,qhoward@example.com,9187541552,Davischester,2023-08-13,67,410.83,Wallet,67,5,Management certain chance officer yourself those trade theory.,2024-04-13,67,2,Python for Data Analysis - 67,Kenneth Gregory,stacey43@example.net,(914)713-9142x52503,North Jamesmouth,2025-10-18
68,68,2024-12-15,95.53,Done,Trevor Ferguson,christina28@example.org,886-426-2558x9995,Guzmanfort,2025-04-23,68,362.71,Wallet,68,8,Look even actually find final claim none should.,2025-01-17,68,20,Power BI Basics - 68,Crystal Patel,mellis@example.com,+1-550-222-6480x044,Mendezfort,2024-08-26
69,69,2023-03-23,97.74,Done,Tamara Bright,rodney72@example.org,685-517-5177,Williamsport,2024-05-20,69,391.39,Credit Card,69,1,Plant hair turn government.,2023-04-17,69,17,Data Visualization - 69,Christine Marshall,uneal@example.net,001-387-316-5757x8196,Owensview,2025-04-25
70,70,2025-10-27,99.6,Done,Debra Miller MD,owenslaura@example.com,(699)839-8693x132,Kramerhaven,2024-02-05,70,311.02,Credit Card,70,7,Station crime stay cup success trouble.,2025-10-31,70,18,Power BI Basics - 70,Kevin Wood,robertsoncheryl@example.net,232-432-1107x6223,South Kristaburgh,2025-08-22
71,71,2023-03-29,0.0,Pending,Amanda Harper,caitlinhays@example.org,(387)827-6530x678,South Christopherberg,2023-11-22,71,521.02,Cash,71,1,South yeah certain move at detail fear.,2023-04-15,71,4,Python for Data Analysis - 71,Lori Cook,lisamarshall@example.com,510.857.2163,South Carlos,2024-12-27
72,72,2023-06-07,96.02,Done,Jesus Jackson,breanna87@example.org,(361)413-2033,Summersfort,2025-08-29,72,534.99,Credit Card,72,8,Effect wind somebody operation part state minute scientist event.,2023-06-14,72,18,Data Visualization - 72,Kevin Wood,robertsoncheryl@example.net,232-432-1107x6223,South Kristaburgh,2025-08-22
73,73,2024-10-29,95.69,Done,Stephanie Cunningham,erica42@example.org,416.387.4539,Jonesborough,2023-02-23,73,733.77,Wallet,73,3,Direction political where clear blood heart recognize play.,2024-12-16,73,18,Data Modeling - 73,Kevin Wood,robertsoncheryl@example.net,232-432-1107x6223,South Kristaburgh,2025-08-22
74,74,2024-03-03,99.85,Done,Molly Kirby,smithcrystal@example.com,383.720.5070,Joshuashire,2024-01-16,74,574.14,Cash,74,3,Create door place some whom happen first.,2024-03-19,74,16,Database Fundamentals - 74,Jerry Blake,youngheidi@example.net,(261)996-5416x52138,Lake Kellitown,2024-03-07
75,75,2025-01-19,70.97,InProgress,Pam Brandt,michaelbanks@example.org,862.771.1909x488,Lake Kristenville,2024-11-04,75,649.43,Credit Card,75,4,Pay southern anything adult cup.,2025-01-20,75,17,Data Modeling - 75,Christine Marshall,uneal@example.net,001-387-316-5757x8196,Owensview,2025-04-25
76,76,2024-04-16,78.61,InProgress,Megan Long,scott94@example.net,(408)277-5931,Lopezmouth,2024-03-20,76,466.94,Credit Card,76,3,Standard now sit rock east election realize again.,2024-05-10,76,9,Advanced SQL Queries - 76,Loretta Weaver,lopezdenise@example.org,+1-904-870-3635,Tuckerside,2023-07-05
77,77,2023-09-27,99.56,Done,Robert Sheppard,reginald83@example.org,+1-649-913-4536,West Alexandrashire,2023-07-13,77,127.54,Credit Card,77,4,Weight now hair room debate have mean prove.,2023-11-21,77,20,Advanced SQL Queries - 77,Crystal Patel,mellis@example.com,+1-550-222-6480x044,Mendezfort,2024-08-26
78,78,2023-03-30,95.99,Done,Michael Little,raymondmelissa@example.org,492.219.4260x32365,Larsenfort,2024-02-13,78,321.87,Credit Card,78,3,Rise real a wrong consider which you rather remember.,2023-04-01,78,16,Database Fundamentals - 78,Jerry Blake,youngheidi@example.net,(261)996-5416x52138,Lake Kellitown,2024-03-07
79,79,2024-03-10,0.0,Pending,Jeffrey James,carlflores@example.net,893-450-7695x46442,North Yeseniaton,2025-01-17,79,279.46,Wallet,79,9,None executive campaign contain media building.,2024-04-27,79,17,ETL Foundations - 79,Christine Marshall,uneal@example.net,001-387-316-5757x8196,Owensview,2025-04-25
80,80,2025-12-23,95.49,Done,Curtis Church,alyssa04@example.com,001-866-293-4350x7975,South Curtis,2024-04-06,80,491.51,Credit Card,80,2,Anyone direction time area administration between.,2026-01-01,80,6,Statistics for Data - 80,Timothy Arias,georgeblack@example.net,+1-205-739-6291x017,Kyleburgh,2025-11-11
81,81,2024-06-05,95.1,Done,Alex Perez,johnsondevin@example.org,361.879.5233x4531,Port Josephhaven,2024-12-25,81,459.35,Credit Card,81,3,State fire few teacher name then letter board majority option.,2024-07-20,81,16,Database Fundamentals - 81,Jerry Blake,youngheidi@example.net,(261)996-5416x52138,Lake Kellitown,2024-03-07
82,82,2023-05-10,99.49,Done,Jill Chan,johnsoncory@example.org,+1-579-270-4678x84878,Jacobton,2025-10-30,82,414.24,Credit Card,82,8,Beyond well nothing close line property.,2023-06-18,82,13,Database Fundamentals - 82,Jordan Pena,norrisjanet@example.net,924-510-5820x76178,East Jamie,2023-07-24
83,83,2024-05-19,99.22,Done,James Powell,xwall@example.org,(738)445-5967,Matthewburgh,2025-12-03,83,637.64,Wallet,83,5,Positive thing difficult record figure long huge thing ball current.,2024-05-21,83,10,Database Fundamentals - 83,Kenneth Robinson,kelleychristina@example.org,(312)275-7837x00671,Daviston,2025-08-12
84,84,2024-07-02,85.05,InProgress,Andrea Caldwell,obenitez@example.org,5517844895,North George,2024-10-26,84,131.24,Credit Card,84,1,Popular hospital who break bill air audience gun out.,2024-07-15,84,6,Python for Data Analysis - 84,Timothy Arias,georgeblack@example.net,+1-205-739-6291x017,Kyleburgh,2025-11-11
85,85,2024-02-29,96.22,Done,Victoria Butler,garrettmoreno@example.net,(715)500-9668,Jessicaport,2024-02-10,85,363.07,Credit Card,85,5,He view difficult pass manager under ball question every population.,2024-03-27,85,16,Database Fundamentals - 85,Jerry Blake,youngheidi@example.net,(261)996-5416x52138,Lake Kellitown,2024-03-07
86,86,2023-05-13,95.58,Done,James Yates,isaacorr@example.net,917.443.0475,New Chadville,2023-02-05,86,453.92,Credit Card,86,9,Its employee piece agreement agent black because.,2023-06-18,86,20,Python for Data Analysis - 86,Crystal Patel,mellis@example.com,+1-550-222-6480x044,Mendezfort,2024-08-26
87,87,2023-07-02,99.62,Done,Monica Richardson,ochoakatrina@example.com,+1-724-812-0162x243,Port Davidbury,2023-11-18,87,147.26,Cash,87,5,Where authority door rich government.,2023-08-21,87,13,ETL Foundations - 87,Jordan Pena,norrisjanet@example.net,924-510-5820x76178,East Jamie,2023-07-24
88,88,2023-05-27,95.61,Done,Heidi Martin,qmartinez@example.org,452.314.7305x86776,South Alexisstad,2023-02-18,88,821.59,Wallet,88,6,Similar market available arrive really hope than in tough.,2023-06-06,88,15,Business Intelligence - 88,George Barnes,ccastro@example.com,486.459.7048x36220,East Luis,2024-01-04
89,89,2023-08-11,44.75,InProgress,Tyler Phillips,kevindavis@example.net,(590)327-7599,Deborahtown,2023-04-28,89,860.62,Wallet,89,10,Painting wife central quite guess.,2023-09-15,89,5,Advanced SQL Queries - 89,Brandon Wilkins,crystal63@example.org,(744)741-9347,Bradymouth,2025-10-15
90,90,2025-11-04,98.31,Done,Leslie Duffy,marshallanthony@example.org,7788614383,Humphreystad,2023-11-19,90,319.41,Credit Card,90,8,Rate white morning part response method teacher plant view who.,2025-11-13,90,12,Power BI Basics - 90,Jesse Thomas,michael05@example.org,001-516-882-0804x063,West Stephanieville,2023-08-12
91,91,2025-02-19,99.99,Done,Madison Williams,vgarcia@example.com,477.532.1932x25976,East Thomaschester,2023-04-03,91,266.91,Credit Card,91,3,Front the first month give air himself western accept have.,2025-04-04,91,16,SQL Server Essentials - 91,Jerry Blake,youngheidi@example.net,(261)996-5416x52138,Lake Kellitown,2024-03-07
92,92,2025-09-28,96.35,Done,Jesse Hayden,petertownsend@example.com,001-716-871-0936x811,Port Cory,2024-05-29,92,537.65,Credit Card,92,7,Process group win reflect international true line will explain.,2025-11-18,92,14,Statistics for Data - 92,Melvin Wells,jacob42@example.com,001-783-994-1212x9876,New Andrew,2024-11-01
93,93,2023-04-18,0.0,Pending,Kenneth Cummings,keith55@example.net,001-961-891-3238x03799,Michaelland,2025-11-11,93,323.46,Wallet,93,9,Now decision small here wall simple traditional.,2023-04-30,93,17,Power BI Basics - 93,Christine Marshall,uneal@example.net,001-387-316-5757x8196,Owensview,2025-04-25
94,94,2025-07-16,98.81,Done,Daniel Harris,lprice@example.net,709.618.3265x10300,Davidmouth,2024-02-16,94,818.98,Credit Card,94,5,Possible bad degree present likely cup sister democratic guy.,2025-07-31,94,8,SQL Server Essentials - 94,Daniel Craig,hermanbrett@example.net,833.832.5558,Kramerport,2025-02-22
95,95,2023-03-16,97.38,Done,Beth Neal,lrose@example.org,001-220-954-9467x1844,Alvaradoberg,2024-02-04,95,695.54,Wallet,95,9,Our modern information can serious.,2023-04-27,95,19,Power BI Basics - 95,William Lewis,djohnson@example.net,+1-451-281-3261x940,Sheenatown,2023-02-20
96,96,2025-09-18,99.29,Done,Mike Jones,kathleencrawford@example.net,+1-552-478-0129x25064,East Christopherberg,2024-08-11,96,159.38,Wallet,96,3,None small reality our front senior face.,2025-10-27,96,13,Python for Data Analysis - 96,Jordan Pena,norrisjanet@example.net,924-510-5820x76178,East Jamie,2023-07-24
97,97,2024-07-21,97.86,Done,David Vang,kimberlypark@example.org,(303)720-9442,East Andrew,2024-10-01,97,895.14,Cash,97,4,Prevent age build management skin skill.,2024-08-21,97,19,ETL Foundations - 97,William Lewis,djohnson@example.net,+1-451-281-3261x940,Sheenatown,2023-02-20
98,98,2025-08-10,56.73,InProgress,Sherri Leon,idillon@example.com,(612)895-1784x250,Port Alisontown,2025-04-10,98,409.87,Wallet,98,3,Collection reality democratic listen bill clear author commercial.,2025-08-30,98,19,Statistics for Data - 98,William Lewis,djohnson@example.net,+1-451-281-3261x940,Sheenatown,2023-02-20
99,99,2025-01-30,86.48,InProgress,Christopher Atkinson,karenbird@example.net,3497212365,South Ryanshire,2024-11-29,99,224.37,Cash,99,4,Condition choose together point service draw space phone.,2025-02-23,99,11,Python for Data Analysis - 99,Roberto Black,zacharydaniels@example.net,9569400682,Stevenstad,2024-07-10
100,100,2023-11-17,98.06,Done,Johnathan Russell,hgrant@example.org,001-440-906-1084x858,Bethchester,2025-02-07,100,408.07,Cash,100,7,Practice tough teach involve data yourself institution generation or.,2023-12-25,100,3,Power BI Basics - 100,Daniel Brown,melissajenkins@example.com,965-227-6342,West Stephaniebury,2023-06-01
101,101,2023-12-14,49.11,InProgress,John Swanson,hbowman@example.org,818-835-3618x4444,North Stevenhaven,2023-06-18,101,408.59,Credit Card,101,10,To season the mind degree director will read responsibility sound.,2024-01-29,101,19,Intro to Programming - 101,William Lewis,djohnson@example.net,+1-451-281-3261x940,Sheenatown,2023-02-20
102,102,2023-02-18,0.0,Pending,Denise Smith,vpeters@example.com,(800)904-5666,Port Julie,2024-06-06,102,335.12,Credit Card,102,7,Get form trade commercial every about hospital put true.,2023-04-13,102,1,Advanced SQL Queries - 102,David Sanders,ckeller@example.net,+1-407-848-2950,Johnbury,2025-04-30
103,103,2024-05-09,0.0,Pending,Heather Daugherty,dana33@example.net,(863)989-2520,South Kristinshire,2023-11-29,103,250.29,Wallet,103,1,Require factor top budget trial allow.,2024-07-06,103,6,Business Intelligence - 103,Timothy Arias,georgeblack@example.net,+1-205-739-6291x017,Kyleburgh,2025-11-11
104,104,2023-12-21,34.51,Cancelled,Kristen Porter,christina26@example.org,323.203.0507x6939,East Dennisshire,2023-10-06,104,435.84,Credit Card,104,1,Month war college surface available play soldier interest sing leader.,2024-02-18,104,15,Excel Reporting - 104,George Barnes,ccastro@example.com,486.459.7048x36220,East Luis,2024-01-04
105,105,2025-09-19,96.82,Done,Melanie Brown,priceterri@example.com,+1-622-245-2738,North Paulashire,2025-09-10,105,510.25,Credit Card,105,10,Occur box life technology political join should hope country.,2025-11-09,105,2,SQL Server Essentials - 105,Kenneth Gregory,stacey43@example.net,(914)713-9142x52503,North Jamesmouth,2025-10-18
106,106,2025-04-03,60.48,InProgress,Shane Mcbride,yedwards@example.org,+1-411-548-4645x838,New Alberttown,2024-01-08,106,619.84,Wallet,106,10,Activity near moment book respond each those.,2025-05-03,106,4,Power BI Basics - 106,Lori Cook,lisamarshall@example.com,510.857.2163,South Carlos,2024-12-27
107,107,2025-04-29,97.84,Done,Russell Murray,jessicafrost@example.com,001-966-541-3708x0134,South Samanthaburgh,2024-06-15,107,308.84,Wallet,107,3,Down official marriage quality experience most hour describe camera can.,2025-05-03,107,2,Advanced SQL Queries - 107,Kenneth Gregory,stacey43@example.net,(914)713-9142x52503,North Jamesmouth,2025-10-18
108,108,2024-11-13,98.08,Done,Brenda Gutierrez,ramoschristine@example.net,3849456999,Anitaburgh,2025-12-19,108,597.04,Wallet,108,1,Over appear sense modern person exactly.,2025-01-11,108,11,Statistics for Data - 108,Roberto Black,zacharydaniels@example.net,9569400682,Stevenstad,2024-07-10
109,109,2024-02-20,98.53,Done,Jill Martin,jessica81@example.org,804-673-9395x06362,Davisburgh,2025-07-11,109,653.58,Credit Card,109,8,Year hold commercial mouth interesting miss cup part.,2024-03-07,109,14,Advanced SQL Queries - 109,Melvin Wells,jacob42@example.com,001-783-994-1212x9876,New Andrew,2024-11-01
110,110,2024-07-04,98.05,Done,Megan Garcia,mpotts@example.com,6703543824,Port Patrick,2025-11-16,110,511.49,Credit Card,110,2,Several poor prepare clear social call look section enjoy.,2024-07-25,110,1,Python for Data Analysis - 110,David Sanders,ckeller@example.net,+1-407-848-2950,Johnbury,2025-04-30
111,111,2025-05-05,68.14,InProgress,Vicki Clark,stephaniemorris@example.com,4068700778,Conleyport,2025-07-01,111,307.65,Cash,111,5,Society peace voice mission likely type perhaps receive try tough.,2025-06-14,111,2,Statistics for Data - 111,Kenneth Gregory,stacey43@example.net,(914)713-9142x52503,North Jamesmouth,2025-10-18
112,112,2023-02-12,98.22,Done,Sydney Gutierrez,guzmancorey@example.net,001-651-293-8015x7962,Alyssaborough,2023-02-06,112,198.07,Credit Card,112,4,Adult none resource red sing tend nor everybody direction reason.,2023-02-18,112,7,Statistics for Data - 112,Jared Campbell,harrisjames@example.net,+1-304-634-1198,Port Courtneyhaven,2024-01-22
113,113,2023-11-30,0.0,Pending,Elizabeth Kent,jamesdaniels@example.com,+1-329-566-2273x011,East Sandra,2023-04-01,113,740.83,Cash,113,2,Old structure else certain state though final job.,2024-01-04,113,7,Database Fundamentals - 113,Jared Campbell,harrisjames@example.net,+1-304-634-1198,Port Courtneyhaven,2024-01-22
114,114,2023-11-29,99.37,Done,Melanie Terry,uskinner@example.org,241-515-4136x32422,Petersonhaven,2023-01-25,114,492.46,Cash,114,7,Last young well region approach own window.,2024-01-13,114,7,ETL Foundations - 114,Jared Campbell,harrisjames@example.net,+1-304-634-1198,Port Courtneyhaven,2024-01-22
115,115,2024-12-03,43.23,InProgress,Jacob Lang,lisa68@example.net,281-851-5221x57128,Roblesmouth,2024-12-07,115,727.85,Credit Card,115,10,Product member animal almost music research.,2025-01-25,115,17,Power BI Basics - 115,Christine Marshall,uneal@example.net,001-387-316-5757x8196,Owensview,2025-04-25
116,116,2024-11-06,58.64,InProgress,Jason Tran III,kathryn26@example.org,001-648-254-6426x09223,Adkinsshire,2024-12-01,116,483.52,Cash,116,1,Half kid south project development.,2024-12-19,116,2,Intro to Programming - 116,Kenneth Gregory,stacey43@example.net,(914)713-9142x52503,North Jamesmouth,2025-10-18
117,117,2024-07-20,51.84,InProgress,Ariana Durham,hartpeter@example.org,934-941-5206x234,Lake Donaldport,2023-11-05,117,214.24,Wallet,117,8,Major late wide single art moment meet.,2024-08-25,117,4,SQL Server Essentials - 117,Lori Cook,lisamarshall@example.com,510.857.2163,South Carlos,2024-12-27
118,118,2023-09-14,99.27,Done,Anthony Murillo,jeffreysnow@example.com,621.615.5354x195,Lake Austin,2025-06-18,118,436.66,Credit Card,118,3,Factor purpose different thought world sure outside.,2023-10-22,118,16,Database Fundamentals - 118,Jerry Blake,youngheidi@example.net,(261)996-5416x52138,Lake Kellitown,2024-03-07
119,119,2025-05-08,97.53,Done,Michael Rogers,robertmoore@example.org,+1-287-425-2479x1622,West Robert,2025-07-01,119,216.52,Wallet,119,10,By foreign wall choice answer perform clearly.,2025-06-06,119,12,ETL Foundations - 119,Jesse Thomas,michael05@example.org,001-516-882-0804x063,West Stephanieville,2023-08-12
120,120,2024-05-18,95.73,Done,James Ferguson,chambersjohn@example.org,+1-885-319-2394,New Sarahmouth,2023-06-23,120,124.7,Credit Card,120,7,Realize late food exactly may industry exactly throughout care.,2024-05-21,120,17,Advanced SQL Queries - 120,Christine Marshall,uneal@example.net,001-387-316-5757x8196,Owensview,2025-04-25
121,121,2024-07-07,46.81,InProgress,Janet Duke,martinezsandra@example.net,(293)393-3535x316,Perezville,2025-02-24,121,301.98,Credit Card,121,1,Gun arm increase wind performance friend.,2024-07-26,121,13,Business Intelligence - 121,Jordan Pena,norrisjanet@example.net,924-510-5820x76178,East Jamie,2023-07-24
122,122,2023-05-26,0.0,Pending,Charles Benson,zhernandez@example.net,2652492839,Jamesfort,2025-12-31,122,838.95,Wallet,122,8,Visit notice something help real church city.,2023-07-18,122,4,Database Fundamentals - 122,Lori Cook,lisamarshall@example.com,510.857.2163,South Carlos,2024-12-27
123,123,2023-08-25,98.35,Done,Katie Walton,trujillorachel@example.com,5022609134,East Kimberlyfurt,2025-08-13,123,449.56,Wallet,123,1,Support push able level girl speak three window key.,2023-10-09,123,12,Power BI Basics - 123,Jesse Thomas,michael05@example.org,001-516-882-0804x063,West Stephanieville,2023-08-12
124,124,2025-08-05,97.11,Done,Ronald Stanley,john33@example.com,330.885.7928x00902,Samuelfort,2025-11-30,124,466.21,Wallet,124,7,Air throw yet less stand.,2025-08-12,124,12,ETL Foundations - 124,Jesse Thomas,michael05@example.org,001-516-882-0804x063,West Stephanieville,2023-08-12
125,125,2024-05-10,55.16,InProgress,Jose Dickson,lowekelsey@example.net,618.288.3100,Johnsontown,2024-11-22,125,852.64,Wallet,125,9,Capital professional act professor five fall car week common listen.,2024-06-16,125,10,Data Visualization - 125,Kenneth Robinson,kelleychristina@example.org,(312)275-7837x00671,Daviston,2025-08-12
126,126,2024-03-27,1.59,Cancelled,Mr. Christopher Henderson,cynthia50@example.net,(554)531-4971x3834,Ramosville,2024-07-10,126,401.38,Wallet,126,6,Respond though us above modern situation history.,2024-05-13,126,17,Advanced SQL Queries - 126,Christine Marshall,uneal@example.net,001-387-316-5757x8196,Owensview,2025-04-25
127,127,2023-04-17,37.83,InProgress,Matthew Shaffer,lauratucker@example.com,(729)619-3595x80256,Jonesville,2025-10-22,127,733.07,Cash,127,9,Here feel turn notice student company beautiful spring instead.,2023-05-12,127,3,Business Intelligence - 127,Daniel Brown,melissajenkins@example.com,965-227-6342,West Stephaniebury,2023-06-01
128,128,2025-10-14,97.45,Done,Michael Jensen,qsmith@example.org,(634)899-2007x209,Smithton,2023-03-15,128,866.27,Credit Card,128,3,Beyond fear one fish set sort.,2025-10-24,128,17,Business Intelligence - 128,Christine Marshall,uneal@example.net,001-387-316-5757x8196,Owensview,2025-04-25
129,129,2024-02-01,52.54,InProgress,Haley Powell,gmcguire@example.com,+1-321-986-1375,Lake Alexander,2024-10-11,129,812.37,Credit Card,129,8,Bag plan walk whose wife against position she.,2024-02-11,129,16,Database Fundamentals - 129,Jerry Blake,youngheidi@example.net,(261)996-5416x52138,Lake Kellitown,2024-03-07
130,130,2024-05-09,95.54,Done,Riley Woods,timothy48@example.net,402.522.4494x548,Schmidtberg,2023-11-02,130,757.58,Wallet,130,8,President role several key house trial.,2024-06-04,130,8,Data Modeling - 130,Daniel Craig,hermanbrett@example.net,833.832.5558,Kramerport,2025-02-22
131,131,2023-02-13,78.54,InProgress,Jennifer Fields,leahpatterson@example.com,+1-246-822-0387x204,Hughesside,2023-03-20,131,358.04,Wallet,131,8,Sure tough might believe actually tough according.,2023-02-26,131,9,Python for Data Analysis - 131,Loretta Weaver,lopezdenise@example.org,+1-904-870-3635,Tuckerside,2023-07-05
132,132,2023-04-05,0.0,Pending,Elizabeth Burnett,brandonnelson@example.net,613.441.4752x07744,Hendersonfort,2025-11-23,132,778.35,Credit Card,132,2,Could heart indicate military provide list meeting real.,2023-05-31,132,3,Data Visualization - 132,Daniel Brown,melissajenkins@example.com,965-227-6342,West Stephaniebury,2023-06-01
133,133,2024-04-15,98.27,Done,Debbie Young,edwardwilson@example.org,567-983-2844x5316,North Brianchester,2025-08-17,133,129.94,Wallet,133,9,Six still list international wonder ball ago possible.,2024-05-07,133,7,Power BI Basics - 133,Jared Campbell,harrisjames@example.net,+1-304-634-1198,Port Courtneyhaven,2024-01-22
134,134,2025-09-10,95.61,Done,Jonathan Watson,mary65@example.org,+1-521-873-8629,Robinsonmouth,2024-08-22,134,291.29,Credit Card,134,1,Recognize yeah walk own heavy value discuss sport set stage.,2025-09-30,134,16,SQL Server Essentials - 134,Jerry Blake,youngheidi@example.net,(261)996-5416x52138,Lake Kellitown,2024-03-07
135,135,2025-05-14,0.0,Pending,Crystal Brown,hughesjoseph@example.net,957-685-3927,Danielburgh,2023-10-28,135,731.46,Wallet,135,5,Society point local speak benefit nice record candidate together.,2025-07-13,135,7,Advanced SQL Queries - 135,Jared Campbell,harrisjames@example.net,+1-304-634-1198,Port Courtneyhaven,2024-01-22
136,136,2025-03-08,95.15,Done,Richard Curtis,mmclaughlin@example.net,5403620290,Port Elizabethland,2025-07-11,136,504.96,Cash,136,3,Little tend size decade civil like front business.,2025-03-22,136,18,Data Modeling - 136,Kevin Wood,robertsoncheryl@example.net,232-432-1107x6223,South Kristaburgh,2025-08-22
137,137,2023-06-03,40.07,InProgress,Lisa Turner,torresjennifer@example.net,001-894-298-7775,Port Corychester,2023-12-27,137,454.51,Credit Card,137,9,Serious say audience physical personal.,2023-06-27,137,17,Data Visualization - 137,Christine Marshall,uneal@example.net,001-387-316-5757x8196,Owensview,2025-04-25
138,138,2023-05-07,58.01,InProgress,Katrina Powell,christopher95@example.org,001-586-788-5701x61466,Fredmouth,2023-03-19,138,119.36,Cash,138,3,Interesting affect attorney person economic.,2023-05-12,138,12,Business Intelligence - 138,Jesse Thomas,michael05@example.org,001-516-882-0804x063,West Stephanieville,2023-08-12
139,139,2024-05-20,75.73,InProgress,Matthew Flynn,jacob82@example.org,+1-828-577-9105,Port Ericmouth,2025-07-13,139,151.92,Credit Card,139,10,Nice near a each consumer ok benefit what.,2024-06-25,139,1,ETL Foundations - 139,David Sanders,ckeller@example.net,+1-407-848-2950,Johnbury,2025-04-30
140,140,2024-05-09,97.86,Done,Leslie Robinson,oreynolds@example.org,001-956-818-9693x977,South Hannahtown,2023-01-17,140,159.43,Wallet,140,6,Various bit never drop direction this.,2024-06-26,140,4,Python for Data Analysis - 140,Lori Cook,lisamarshall@example.com,510.857.2163,South Carlos,2024-12-27
141,141,2025-01-09,96.83,Done,Jessica Hudson,dmendoza@example.net,511-614-1551,West Timothyhaven,2024-05-21,141,181.67,Cash,141,6,Money process mother development control sound new lead.,2025-01-17,141,18,Power BI Basics - 141,Kevin Wood,robertsoncheryl@example.net,232-432-1107x6223,South Kristaburgh,2025-08-22
142,142,2023-06-08,96.05,Done,Allen Ramirez,jjuarez@example.com,987-269-6101x0507,East Michael,2025-08-18,142,322.31,Wallet,142,1,Something be Congress suggest level outside card few.,2023-06-19,142,12,Business Intelligence - 142,Jesse Thomas,michael05@example.org,001-516-882-0804x063,West Stephanieville,2023-08-12
143,143,2023-10-03,0.0,Pending,Joshua Lin,caldwellkevin@example.com,341-588-7162x8447,South Tylerside,2025-12-20,143,614.44,Credit Card,143,5,Understand glass parent certainly life common born better adult.,2023-11-05,143,9,Python for Data Analysis - 143,Loretta Weaver,lopezdenise@example.org,+1-904-870-3635,Tuckerside,2023-07-05
144,144,2023-09-01,96.32,Done,Barry Castillo,nstafford@example.org,297-948-8604,Donaldfurt,2023-09-06,144,470.39,Wallet,144,2,Above hand direction if cover drive through.,2023-09-13,144,17,Excel Reporting - 144,Christine Marshall,uneal@example.net,001-387-316-5757x8196,Owensview,2025-04-25
145,145,2025-01-22,43.35,InProgress,Christopher Arias,lewisveronica@example.org,699-282-8944,New Hayley,2023-01-11,145,795.91,Credit Card,145,10,Wonder development tough couple property good brother.,2025-03-06,145,10,Data Modeling - 145,Kenneth Robinson,kelleychristina@example.org,(312)275-7837x00671,Daviston,2025-08-12
146,146,2023-05-21,97.8,Done,Tiffany Castro,xcruz@example.net,452-392-6032,New Megan,2024-10-29,146,171.57,Wallet,146,10,Human into member hit teacher relate though miss they despite garden.,2023-06-29,146,1,Intro to Programming - 146,David Sanders,ckeller@example.net,+1-407-848-2950,Johnbury,2025-04-30
147,147,2023-06-08,99.58,Done,Kyle Reid,lconway@example.net,442.667.4108x20437,Port Amberville,2025-04-03,147,709.71,Cash,147,4,State community sell could industry be when do.,2023-07-12,147,9,Statistics for Data - 147,Loretta Weaver,lopezdenise@example.org,+1-904-870-3635,Tuckerside,2023-07-05
148,148,2023-02-07,98.32,Done,Jennifer Lutz,derrick33@example.net,302.822.3889,Rodriguezville,2023-03-04,148,472.66,Credit Card,148,1,Purpose especially reveal center strong fly.,2023-03-01,148,7,ETL Foundations - 148,Jared Campbell,harrisjames@example.net,+1-304-634-1198,Port Courtneyhaven,2024-01-22
149,149,2023-08-18,50.97,InProgress,Linda Adams,piercedanny@example.com,(214)279-9623x2639,Lake David,2025-08-10,149,628.54,Credit Card,149,7,Simply put place bank receive guy read moment.,2023-09-15,149,6,Python for Data Analysis - 149,Timothy Arias,georgeblack@example.net,+1-205-739-6291x017,Kyleburgh,2025-11-11
150,150,2025-04-21,98.28,Done,Christopher Mitchell,jackthomas@example.org,001-450-970-5590x66835,New Jeremiahton,2025-03-24,150,290.77,Credit Card,150,5,Bank computer author set read from wonder raise.,2025-05-08,150,4,Intro to Programming - 150,Lori Cook,lisamarshall@example.com,510.857.2163,South Carlos,2024-12-27
151,151,2025-07-30,0.0,Pending,Carrie Thompson,cdrake@example.net,001-709-350-6059x6812,Brightville,2025-04-23,151,831.35,Credit Card,151,4,Development thus easy everybody task star run which.,2025-09-20,151,9,ETL Foundations - 151,Loretta Weaver,lopezdenise@example.org,+1-904-870-3635,Tuckerside,2023-07-05
152,152,2024-03-03,0.0,Pending,Ashley Holder,maciascheryl@example.net,001-369-959-2104,New Chase,2024-04-26,152,369.7,Wallet,152,10,Run yourself way ask because member deep decide school off term.,2024-04-23,152,14,SQL Server Essentials - 152,Melvin Wells,jacob42@example.com,001-783-994-1212x9876,New Andrew,2024-11-01
153,153,2025-11-11,22.66,Cancelled,William Wright,shelley48@example.org,001-235-454-5320x4924,New Stephenshire,2023-05-10,153,575.4,Credit Card,153,2,Blue very that candidate movie.,2025-12-08,153,14,Database Fundamentals - 153,Melvin Wells,jacob42@example.com,001-783-994-1212x9876,New Andrew,2024-11-01
154,154,2025-03-13,97.47,Done,Lori Martinez,wwalton@example.org,2243711495,Huntermouth,2023-03-17,154,422.26,Cash,154,10,Arm lawyer peace analysis window condition card.,2025-03-27,154,19,Excel Reporting - 154,William Lewis,djohnson@example.net,+1-451-281-3261x940,Sheenatown,2023-02-20
155,155,2023-04-09,17.63,Cancelled,Mary Allen,pbrown@example.net,979-765-2625,Connieshire,2023-01-07,155,150.86,Cash,155,4,Prove outside quickly can ground total do pretty anything.,2023-04-24,155,11,Python for Data Analysis - 155,Roberto Black,zacharydaniels@example.net,9569400682,Stevenstad,2024-07-10
156,156,2024-11-04,96.97,Done,Jaime Walker,mark99@example.com,886.256.6485,Thomasville,2023-02-11,156,774.61,Credit Card,156,10,Phone manager late fill book.,2024-12-31,156,2,Python for Data Analysis - 156,Kenneth Gregory,stacey43@example.net,(914)713-9142x52503,North Jamesmouth,2025-10-18
157,157,2023-12-29,92.38,InProgress,Kendra Porter,jonesedward@example.org,(628)211-2397x3253,Martinezton,2023-11-30,157,807.28,Wallet,157,3,Course decade news ask message herself first.,2024-01-26,157,11,Database Fundamentals - 157,Roberto Black,zacharydaniels@example.net,9569400682,Stevenstad,2024-07-10
158,158,2023-03-29,95.57,Done,Heather Morgan,michellecurtis@example.com,8528848485,West Terriside,2025-11-09,158,762.99,Cash,158,10,Clear attack onto feel understand health.,2023-04-16,158,1,Python for Data Analysis - 158,David Sanders,ckeller@example.net,+1-407-848-2950,Johnbury,2025-04-30
159,159,2024-03-18,40.15,Cancelled,Robin Martin,walkertimothy@example.com,+1-688-971-2487x954,Amandaview,2023-03-14,159,823.09,Credit Card,159,7,Commercial write three ground wrong everybody why.,2024-05-15,159,14,Advanced SQL Queries - 159,Melvin Wells,jacob42@example.com,001-783-994-1212x9876,New Andrew,2024-11-01
160,160,2023-07-02,54.16,InProgress,Timothy Rocha,vedwards@example.com,(221)871-5959x026,Mercadofort,2024-11-29,160,452.61,Cash,160,6,Suffer none respond wind boy chance live above idea.,2023-08-02,160,9,Power BI Basics - 160,Loretta Weaver,lopezdenise@example.org,+1-904-870-3635,Tuckerside,2023-07-05
161,161,2025-06-10,95.9,Done,Eric Young,iyoung@example.org,4916386658,Philipside,2023-02-23,161,620.29,Cash,161,5,Risk try cup middle image still wear evidence.,2025-08-02,161,13,Database Fundamentals - 161,Jordan Pena,norrisjanet@example.net,924-510-5820x76178,East Jamie,2023-07-24
162,162,2024-03-12,0.0,Pending,Thomas Calderon,larry66@example.com,+1-360-946-7759x37774,Jaredberg,2025-02-03,162,822.33,Wallet,162,9,Phone PM possible today into next.,2024-05-11,162,16,ETL Foundations - 162,Jerry Blake,youngheidi@example.net,(261)996-5416x52138,Lake Kellitown,2024-03-07
163,163,2024-11-15,0.0,Pending,Ashley Shepherd,valdezshannon@example.net,618-309-3213x049,Danielleland,2025-09-05,163,857.81,Wallet,163,2,Project wrong politics unit whose girl side yard.,2024-12-30,163,3,Intro to Programming - 163,Daniel Brown,melissajenkins@example.com,965-227-6342,West Stephaniebury,2023-06-01
164,164,2025-08-21,0.0,Pending,Tanya Weaver,weavermax@example.org,349.314.5084x735,Lake Denisestad,2025-11-01,164,610.57,Credit Card,164,10,Money owner forward language paper.,2025-09-11,164,17,SQL Server Essentials - 164,Christine Marshall,uneal@example.net,001-387-316-5757x8196,Owensview,2025-04-25
165,165,2024-09-04,98.56,Done,Bobby Mosley,vvalentine@example.org,001-790-919-3936x3531,New Wendyfort,2024-10-11,165,422.27,Credit Card,165,3,Course certainly family plan word available employee exist first.,2024-09-30,165,15,Business Intelligence - 165,George Barnes,ccastro@example.com,486.459.7048x36220,East Luis,2024-01-04
166,166,2023-02-08,98.44,Done,Matthew Miller,coopermichael@example.org,8534617433,Port Toddfort,2025-03-11,166,841.36,Credit Card,166,10,Model interest past music itself real girl similar family machine.,2023-03-08,166,5,Database Fundamentals - 166,Brandon Wilkins,crystal63@example.org,(744)741-9347,Bradymouth,2025-10-15
167,167,2024-04-02,0.0,Pending,Taylor Macdonald,quinnwilliam@example.org,001-391-608-1012x61906,Mackton,2024-06-26,167,295.32,Wallet,167,8,Prevent right available view language whose executive site short course.,2024-05-27,167,7,Excel Reporting - 167,Jared Campbell,harrisjames@example.net,+1-304-634-1198,Port Courtneyhaven,2024-01-22
168,168,2025-09-02,96.6,Done,Elizabeth Thompson,angelahenry@example.net,8569875316,Port Gregory,2025-12-12,168,761.46,Wallet,168,3,Rock get oil during step body street six able phone.,2025-09-21,168,8,ETL Foundations - 168,Daniel Craig,hermanbrett@example.net,833.832.5558,Kramerport,2025-02-22
169,169,2025-12-22,99.53,Done,Julie Williams,dmartinez@example.org,(278)914-8751,Seanburgh,2025-01-23,169,175.37,Wallet,169,9,Of across go specific yet.,2026-01-27,169,15,Advanced SQL Queries - 169,George Barnes,ccastro@example.com,486.459.7048x36220,East Luis,2024-01-04
170,170,2025-06-29,98.76,Done,William Meyer,harrellmegan@example.com,001-342-540-3008x958,West Anthonyborough,2023-10-25,170,175.86,Credit Card,170,2,Area nor task population list most certain over.,2025-07-21,170,17,Data Modeling - 170,Christine Marshall,uneal@example.net,001-387-316-5757x8196,Owensview,2025-04-25
171,171,2024-08-26,98.56,Done,Peter Skinner,whitejessica@example.org,911.557.1587x3673,Port Lisaton,2025-09-11,171,857.68,Cash,171,5,Appear speech stand win room magazine mission across.,2024-10-12,171,12,Data Modeling - 171,Jesse Thomas,michael05@example.org,001-516-882-0804x063,West Stephanieville,2023-08-12
172,172,2025-02-09,95.0,Done,Michael Wilson,amanda39@example.net,(809)516-2527x628,Robinmouth,2024-09-30,172,553.43,Wallet,172,7,Body buy job soldier.,2025-02-20,172,2,Database Fundamentals - 172,Kenneth Gregory,stacey43@example.net,(914)713-9142x52503,North Jamesmouth,2025-10-18
173,173,2024-05-20,0.0,Pending,Patrick Gilbert,garrett76@example.org,(843)229-7486x36498,Lake Jennifer,2025-09-13,173,859.91,Credit Card,173,1,Former brother decide industry yeah itself professor suffer Democrat.,2024-06-24,173,5,Business Intelligence - 173,Brandon Wilkins,crystal63@example.org,(744)741-9347,Bradymouth,2025-10-15
174,174,2023-03-02,50.3,InProgress,Alexis Reed,kendrabarker@example.net,001-513-654-7149x645,Camposmouth,2023-06-27,174,546.12,Cash,174,6,Health expert miss everything camera condition discuss.,2023-04-21,174,20,Excel Reporting - 174,Crystal Patel,mellis@example.com,+1-550-222-6480x044,Mendezfort,2024-08-26
175,175,2024-04-21,98.77,Done,Jennifer Boyle,qrodriguez@example.com,(587)922-9430,Port Bettyborough,2023-09-17,175,893.78,Cash,175,1,Less Mrs final fund him time research forget film ability.,2024-05-16,175,20,ETL Foundations - 175,Crystal Patel,mellis@example.com,+1-550-222-6480x044,Mendezfort,2024-08-26
176,176,2024-12-14,0.0,Pending,Amber Rice,annaharris@example.net,884.537.0359,Williamhaven,2025-01-19,176,618.7,Credit Card,176,2,Section reflect hospital foot one affect necessary where.,2025-02-01,176,16,Business Intelligence - 176,Jerry Blake,youngheidi@example.net,(261)996-5416x52138,Lake Kellitown,2024-03-07
177,177,2024-06-21,93.9,InProgress,Mark Joyce,zlindsey@example.net,(366)907-6645,Krauseport,2025-02-17,177,695.25,Wallet,177,2,Everything beyond film reality.,2024-08-15,177,16,Intro to Programming - 177,Jerry Blake,youngheidi@example.net,(261)996-5416x52138,Lake Kellitown,2024-03-07
178,178,2024-03-10,96.89,Done,Diamond Bryant,sethmorgan@example.com,+1-470-520-7289x87848,Alexanderland,2024-12-06,178,136.1,Wallet,178,1,Want often deal door sound without child.,2024-04-26,178,1,Python for Data Analysis - 178,David Sanders,ckeller@example.net,+1-407-848-2950,Johnbury,2025-04-30
179,179,2025-06-17,95.12,Done,Frank Matthews,mary67@example.net,7417382797,Watkinsside,2025-02-26,179,699.02,Wallet,179,5,Guy network military where model manager rich baby again.,2025-07-31,179,7,Python for Data Analysis - 179,Jared Campbell,harrisjames@example.net,+1-304-634-1198,Port Courtneyhaven,2024-01-22
180,180,2025-07-01,63.31,InProgress,Ashley Smith,karlarush@example.org,703.772.9772,Ericstad,2025-11-19,180,758.47,Cash,180,10,Same line respond people attention hold.,2025-07-13,180,17,SQL Server Essentials - 180,Christine Marshall,uneal@example.net,001-387-316-5757x8196,Owensview,2025-04-25
181,181,2025-11-08,96.4,Done,Jessica Curtis,tobrien@example.org,9814318602,East Paul,2023-09-24,181,544.9,Credit Card,181,2,Economy rate meeting or need PM throw.,2025-11-09,181,16,Database Fundamentals - 181,Jerry Blake,youngheidi@example.net,(261)996-5416x52138,Lake Kellitown,2024-03-07
182,182,2023-07-24,95.97,Done,Christopher Ashley,qmeadows@example.org,6636388652,Moralesburgh,2024-01-06,182,810.57,Credit Card,182,7,Language city firm science.,2023-09-12,182,10,Python for Data Analysis - 182,Kenneth Robinson,kelleychristina@example.org,(312)275-7837x00671,Daviston,2025-08-12
183,183,2023-12-01,98.3,Done,Ruben Nguyen,bcampbell@example.org,833-380-7833,West Seanborough,2025-10-24,183,201.44,Cash,183,5,Law time share enter news firm decide.,2023-12-08,183,20,ETL Foundations - 183,Crystal Patel,mellis@example.com,+1-550-222-6480x044,Mendezfort,2024-08-26
184,184,2023-01-13,98.16,Done,Robert Johnson,sydneygrant@example.org,636.471.4532x82432,Samanthaville,2024-01-25,184,188.77,Cash,184,1,About foot do sing no time.,2023-01-26,184,14,Business Intelligence - 184,Melvin Wells,jacob42@example.com,001-783-994-1212x9876,New Andrew,2024-11-01
185,185,2023-01-01,96.44,Done,Gregg Stephens,zcollins@example.org,+1-436-791-7751,Jonesbury,2025-02-10,185,771.4,Wallet,185,1,Sit local analysis seven size perhaps great operation.,2023-02-20,185,6,Power BI Basics - 185,Timothy Arias,georgeblack@example.net,+1-205-739-6291x017,Kyleburgh,2025-11-11
186,186,2025-11-18,96.53,Done,David Bridges,brandonward@example.net,001-832-469-1732x0900,Lake Steven,2025-01-27,186,285.16,Wallet,186,4,Early improve no build apply half work item list.,2025-12-18,186,12,Intro to Programming - 186,Jesse Thomas,michael05@example.org,001-516-882-0804x063,West Stephanieville,2023-08-12
187,187,2024-06-14,95.34,Done,Elaine Perez,sheila18@example.net,961-870-5479,Kayleeberg,2023-09-16,187,770.45,Cash,187,6,North meeting film raise national.,2024-07-13,187,5,Database Fundamentals - 187,Brandon Wilkins,crystal63@example.org,(744)741-9347,Bradymouth,2025-10-15
188,188,2023-03-15,72.02,InProgress,Joshua Brooks,wilcoxmatthew@example.org,001-475-429-5292x22397,South Michelle,2023-07-21,188,407.8,Credit Card,188,9,Need half watch rise check.,2023-04-22,188,12,SQL Server Essentials - 188,Jesse Thomas,michael05@example.org,001-516-882-0804x063,West Stephanieville,2023-08-12
189,189,2024-03-02,99.88,Done,Tanya Ewing,brian53@example.net,(616)260-2604x945,Susanmouth,2025-07-31,189,332.31,Cash,189,1,Event recent go have notice detail list according week.,2024-04-11,189,4,Intro to Programming - 189,Lori Cook,lisamarshall@example.com,510.857.2163,South Carlos,2024-12-27
190,190,2024-01-02,54.63,InProgress,Albert Fields,kruegersheri@example.com,(712)204-8495x872,Stewartberg,2025-05-08,190,538.27,Credit Card,190,9,Poor kitchen skin federal he deep cup be.,2024-01-13,190,1,Data Visualization - 190,David Sanders,ckeller@example.net,+1-407-848-2950,Johnbury,2025-04-30
191,191,2023-04-05,99.16,Done,Alexandra Coleman,john92@example.net,756-219-2714x9588,Clarkport,2024-08-12,191,576.84,Credit Card,191,6,Majority gas rate receive cut.,2023-05-29,191,12,Statistics for Data - 191,Jesse Thomas,michael05@example.org,001-516-882-0804x063,West Stephanieville,2023-08-12
192,192,2025-02-02,96.52,Done,David Chavez,santosnorma@example.org,389-310-9625x29756,Port Jamesburgh,2025-10-20,192,849.11,Cash,192,5,Close recognize rather specific such.,2025-02-12,192,5,Intro to Programming - 192,Brandon Wilkins,crystal63@example.org,(744)741-9347,Bradymouth,2025-10-15
193,193,2023-07-24,95.77,Done,Edward Herrera,fmorris@example.net,846.959.2521x19066,Freemanborough,2023-04-24,193,431.9,Wallet,193,5,Beyond meeting operation when plant.,2023-09-15,193,17,ETL Foundations - 193,Christine Marshall,uneal@example.net,001-387-316-5757x8196,Owensview,2025-04-25
194,194,2025-03-24,99.06,Done,Nicole Bowen,jasonbraun@example.net,001-250-384-6624x000,South Luishaven,2025-10-29,194,742.1,Credit Card,194,4,Letter give energy free explain between.,2025-04-12,194,1,Business Intelligence - 194,David Sanders,ckeller@example.net,+1-407-848-2950,Johnbury,2025-04-30
195,195,2025-02-22,12.82,Cancelled,Ethan Morris,moorekaren@example.com,461-229-1554x56205,East Danielbury,2025-11-22,195,255.05,Credit Card,195,6,Beat lose pull win company he common find.,2025-04-01,195,12,Python for Data Analysis - 195,Jesse Thomas,michael05@example.org,001-516-882-0804x063,West Stephanieville,2023-08-12
196,196,2024-10-21,96.82,Done,Jason Johnson,obond@example.net,490.212.8535x7006,East Alexander,2025-08-07,196,706.49,Credit Card,196,10,Surface consider follow simple operation organization need myself positive movie.,2024-12-17,196,4,SQL Server Essentials - 196,Lori Cook,lisamarshall@example.com,510.857.2163,South Carlos,2024-12-27
197,197,2025-12-21,95.64,Done,Sara Farley,mcintyremadeline@example.net,+1-869-253-0824,Port Robert,2023-10-05,197,460.25,Cash,197,1,Anything heart analysis ground will feeling green finish responsibility garden that.,2025-12-22,197,12,Data Visualization - 197,Jesse Thomas,michael05@example.org,001-516-882-0804x063,West Stephanieville,2023-08-12
198,198,2025-05-17,43.0,InProgress,James Huff,brentjimenez@example.org,847-889-3762,Port Daniel,2023-05-08,198,251.44,Credit Card,198,9,Market what table her money line small college catch wife.,2025-07-14,198,10,Python for Data Analysis - 198,Kenneth Robinson,kelleychristina@example.org,(312)275-7837x00671,Daviston,2025-08-12
199,199,2025-05-19,38.41,InProgress,Marie Benson,marshallheidi@example.org,(909)828-0678x09474,Raymondfurt,2023-09-26,199,474.79,Wallet,199,1,Affect quite central who hand plant deal compare still.,2025-07-07,199,12,ETL Foundations - 199,Jesse Thomas,michael05@example.org,001-516-882-0804x063,West Stephanieville,2023-08-12
200,200,2023-05-22,98.29,Done,Jessica Chandler,jessicasavage@example.org,5828713752,Port Wendyside,2023-10-07,200,341.7,Credit Card,200,8,By play career here me way economic require personal staff.,2023-07-16,200,5,Python for Data Analysis - 200,Brandon Wilkins,crystal63@example.org,(744)741-9347,Bradymouth,2025-10-15
