review_id,enrollment_id,rating,review_text,review_date
1,1,9,Site perhaps save direction research pattern first town over.,2025-11-26
2,2,3,Resource create particular happy Democrat.,2023-06-22
3,3,2,Room price rate tax at pick clear.,2025-09-04
4,4,4,Stuff young head when wonder door their.,2025-03-20
5,5,6,Sort the analysis general can customer.,2023-03-07
6,6,3,Since pressure religious hospital before control for training than real.,2024-06-13
7,7,2,Best course if issue assume apply effort manage political arrive lot.,2026-02-14
8,8,7,Fly grow break night they fight involve analysis commercial available.,2024-02-27
9,9,6,Throughout thank relationship piece mind her economic information term hundred.,2025-10-15
10,10,8,Language spend behind sound feeling agent somebody.,2024-07-19
11,11,3,Speech heart cost organization base back business base.,2025-09-28
12,12,7,Think significant use party.,2024-10-17
13,13,3,Instead modern miss hair specific everyone moment expert year.,2023-09-22
14,14,5,Audience despite remain concern cut audience.,2024-12-13
15,15,2,Worker continue by economy attack.,2024-08-14
16,16,3,Very future your simply throughout past station.,2025-03-13
17,17,2,Recently open wear rather listen age Mrs.,2024-12-21
18,18,2,Occur summer section important report.,2024-12-08
19,19,10,I parent scene environmental land interview happen interest.,2025-01-24
20,20,9,Recognize a owner draw on.,2025-11-12
21,21,3,Such laugh choose open century activity page chair know thus.,2025-04-10
22,22,1,Until employee executive far now.,2023-07-29
23,23,3,Black plant suddenly picture key option why take.,2023-09-11
24,24,6,Pick box language wish industry arm.,2024-08-29
25,25,10,Clearly nature support south place partner soon soon.,2025-10-01
26,26,6,Window pattern mouth such appear.,2023-05-21
27,27,2,Response day current probably bar democratic suggest population.,2024-07-15
28,28,1,Receive key student ever within.,2025-07-13
29,29,10,Do ago college project civil their step a magazine focus organization.,2024-01-13
30,30,1,Stay scientist can administration own entire view make newspaper good cut.,2024-02-16
31,31,3,Full which certainly various home daughter have these fire believe.,2023-06-05
32,32,8,Fish end no doctor life itself ever eight.,2025-03-07
33,33,4,Particularly laugh general soldier spring worry window performance strong control everyone.,2024-08-23
34,34,8,Style wide professional dream nice oil consider.,2025-03-06
35,35,4,Room special lot level sit director PM under positive reduce soon.,2024-09-22
36,36,8,Sure sit be commercial training difference door space.,2024-11-17
37,37,2,Happen build per door worry push about.,2024-07-08
38,38,10,Bag cause within can short should a.,2023-10-01
39,39,7,She open stop rise indicate into.,2024-02-17
40,40,3,Lay member activity current option tax.,2024-01-11
41,41,6,Worker yourself her yes.,2024-05-06
42,42,6,Four black budget all method thought under site listen southern.,2025-12-25
43,43,7,Sort technology work artist save.,2025-06-29
44,44,4,Environment build traditional three up cup rule may purpose.,2023-04-13
45,45,2,Until hour assume employee court dog make.,2024-07-04
46,46,6,Seem show player cell property resource crime.,2023-07-03
47,47,6,Eat determine miss year baby his hard gas.,2023-06-23
48,48,3,Worry resource then by trial cover will investment.,2024-10-26
49,49,9,Each improve start somebody station enough.,2023-05-03
50,50,4,Or three hundred half son professional.,2024-10-28
51,51,8,Certain enough force language one view.,2023-08-21
52,52,1,Sound Congress easy none yes sing eye image.,2025-02-16
53,53,3,Identify box name not above bit.,2023-10-04
54,54,7,New relate expert soldier more.,2024-10-28
55,55,2,Not cultural long gun remain bank shake.,2025-02-12
56,56,6,Level create pay exist try rise outside quality.,2023-10-23
57,57,5,Night his some whom her.,2026-02-07
58,58,3,Task investment short stage church.,2024-03-07
59,59,4,Cut suddenly health walk thousand over truth under.,2026-01-28
60,60,8,Still item item who then eat third reach mean.,2023-08-14
61,61,6,Message improve kid research set report hair dark produce.,2023-11-19
62,62,3,Prove charge image carry free.,2024-11-03
63,63,9,Job large another guess over as science dream.,2024-11-11
64,64,5,Responsibility first every reduce where step.,2024-03-07
65,65,6,Usually buy go about manage plant miss special trouble professional.,2024-06-26
66,66,8,Discover these several mother bill her.,2023-06-06
67,67,5,Management certain chance officer yourself those trade theory.,2024-04-13
68,68,8,Look even actually find final claim none should.,2025-01-17
69,69,1,Plant hair turn government.,2023-04-17
70,70,7,Station crime stay cup success trouble.,2025-10-31
71,71,1,South yeah certain move at detail fear.,2023-04-15
72,72,8,Effect wind somebody operation part state minute scientist event.,2023-06-14
73,73,3,Direction political where clear blood heart recognize play.,2024-12-16
74,74,3,Create door place some whom happen first.,2024-03-19
75,75,4,Pay southern anything adult cup.,2025-01-20
76,76,3,Standard now sit rock east election realize again.,2024-05-10
77,77,4,Weight now hair room debate have mean prove.,2023-11-21
78,78,3,Rise real a wrong consider which you rather remember.,2023-04-01
79,79,9,None executive campaign contain media building.,2024-04-27
80,80,2,Anyone direction time area administration between.,2026-01-01
81,81,3,State fire few teacher name then letter board majority option.,2024-07-20
82,82,8,Beyond well nothing close line property.,2023-06-18
83,83,5,Positive thing difficult record figure long huge thing ball current.,2024-05-21
84,84,1,Popular hospital who break bill air audience gun out.,2024-07-15
85,85,5,He view difficult pass manager under ball question every population.,2024-03-27
86,86,9,Its employee piece agreement agent black because.,2023-06-18
87,87,5,Where authority door rich government.,2023-08-21
88,88,6,Similar market available arrive really hope than in tough.,2023-06-06
89,89,10,Painting wife central quite guess.,2023-09-15
90,90,8,Rate white morning part response method teacher plant view who.,2025-11-13
91,91,3,Front the first month give air himself western accept have.,2025-04-04
92,92,7,Process group win reflect international true line will explain.,2025-11-18
93,93,9,Now decision small here wall simple traditional.,2023-04-30
94,94,5,Possible bad degree present likely cup sister democratic guy.,2025-07-31
95,95,9,Our modern information can serious.,2023-04-27
96,96,3,None small reality our front senior face.,2025-10-27
97,97,4,Prevent age build management skin skill.,2024-08-21
98,98,3,Collection reality democratic listen bill clear author commercial.,2025-08-30
99,99,4,Condition choose together point service draw space phone.,2025-02-23
100,100,7,Practice tough teach involve data yourself institution generation or.,2023-12-25
101,101,10,To season the mind degree director will read responsibility sound.,2024-01-29
102,102,7,Get form trade commercial every about hospital put true.,2023-04-13
103,103,1,Require factor top budget trial allow.,2024-07-06
104,104,1,Month war college surface available play soldier interest sing leader.,2024-02-18
105,105,10,Occur box life technology political join should hope country.,2025-11-09
106,106,10,Activity near moment book respond each those.,2025-05-03
107,107,3,Down official marriage quality experience most hour describe camera can.,2025-05-03
108,108,1,Over appear sense modern person exactly.,2025-01-11
109,109,8,Year hold commercial mouth interesting miss cup part.,2024-03-07
110,110,2,Several poor prepare clear social call look section enjoy.,2024-07-25
111,111,5,Society peace voice mission likely type perhaps receive try tough.,2025-06-14
112,112,4,Adult none resource red sing tend nor everybody direction reason.,2023-02-18
113,113,2,Old structure else certain state though final job.,2024-01-04
114,114,7,Last young well region approach own window.,2024-01-13
115,115,10,Product member animal almost music research.,2025-01-25
116,116,1,Half kid south project development.,2024-12-19
117,117,8,Major late wide single art moment meet.,2024-08-25
118,118,3,Factor purpose different thought world sure outside.,2023-10-22
119,119,10,By foreign wall choice answer perform clearly.,2025-06-06
120,120,7,Realize late food exactly may industry exactly throughout care.,2024-05-21
121,121,1,Gun arm increase wind performance friend.,2024-07-26
122,122,8,Visit notice something help real church city.,2023-07-18
123,123,1,Support push able level girl speak three window key.,2023-10-09
124,124,7,Air throw yet less stand.,2025-08-12
125,125,9,Capital professional act professor five fall car week common listen.,2024-06-16
126,126,6,Respond though us above modern situation history.,2024-05-13
127,127,9,Here feel turn notice student company beautiful spring instead.,2023-05-12
128,128,3,Beyond fear one fish set sort.,2025-10-24
129,129,8,Bag plan walk whose wife against position she.,2024-02-11
130,130,8,President role several key house trial.,2024-06-04
131,131,8,Sure tough might believe actually tough according.,2023-02-26
132,132,2,Could heart indicate military provide list meeting real.,2023-05-31
133,133,9,Six still list international wonder ball ago possible.,2024-05-07
134,134,1,Recognize yeah walk own heavy value discuss sport set stage.,2025-09-30
135,135,5,Society point local speak benefit nice record candidate together.,2025-07-13
136,136,3,Little tend size decade civil like front business.,2025-03-22
137,137,9,Serious say audience physical personal.,2023-06-27
138,138,3,Interesting affect attorney person economic.,2023-05-12
139,139,10,Nice near a each consumer ok benefit what.,2024-06-25
140,140,6,Various bit never drop direction this.,2024-06-26
141,141,6,Money process mother development control sound new lead.,2025-01-17
142,142,1,Something be Congress suggest level outside card few.,2023-06-19
143,143,5,Understand glass parent certainly life common born better adult.,2023-11-05
144,144,2,Above hand direction if cover drive through.,2023-09-13
145,145,10,Wonder development tough couple property good brother.,2025-03-06
146,146,10,Human into member hit teacher relate though miss they despite garden.,2023-06-29
147,147,4,State community sell could industry be when do.,2023-07-12
148,148,1,Purpose especially reveal center strong fly.,2023-03-01
149,149,7,Simply put place bank receive guy read moment.,2023-09-15
150,150,5,Bank computer author set read from wonder raise.,2025-05-08
151,151,4,Development thus easy everybody task star run which.,2025-09-20
152,152,10,Run yourself way ask because member deep decide school off term.,2024-04-23
153,153,2,Blue very that candidate movie.,2025-12-08
154,154,10,Arm lawyer peace analysis window condition card.,2025-03-27
155,155,4,Prove outside quickly can ground total do pretty anything.,2023-04-24
156,156,10,Phone manager late fill book.,2024-12-31
157,157,3,Course decade news ask message herself first.,2024-01-26
158,158,10,Clear attack onto feel understand health.,2023-04-16
159,159,7,Commercial write three ground wrong everybody why.,2024-05-15
160,160,6,Suffer none respond wind boy chance live above idea.,2023-08-02
161,161,5,Risk try cup middle image still wear evidence.,2025-08-02
162,162,9,Phone PM possible today into next.,2024-05-11
163,163,2,Project wrong politics unit whose girl side yard.,2024-12-30
164,164,10,Money owner forward language paper.,2025-09-11
165,165,3,Course certainly family plan word available employee exist first.,2024-09-30
166,166,10,Model interest past music itself real girl similar family machine.,2023-03-08
167,167,8,Prevent right available view language whose executive site short course.,2024-05-27
168,168,3,Rock get oil during step body street six able phone.,2025-09-21
169,169,9,Of across go specific yet.,2026-01-27
170,170,2,Area nor task population list most certain over.,2025-07-21
171,171,5,Appear speech stand win room magazine mission across.,2024-10-12
172,172,7,Body buy job soldier.,2025-02-20
173,173,1,Former brother decide industry yeah itself professor suffer Democrat.,2024-06-24
174,174,6,Health expert miss everything camera condition discuss.,2023-04-21
175,175,1,Less Mrs final fund him time research forget film ability.,2024-05-16
176,176,2,Section reflect hospital foot one affect necessary where.,2025-02-01
177,177,2,Everything beyond film reality.,2024-08-15
178,178,1,Want often deal door sound without child.,2024-04-26
179,179,5,Guy network military where model manager rich baby again.,2025-07-31
180,180,10,Same line respond people attention hold.,2025-07-13
181,181,2,Economy rate meeting or need PM throw.,2025-11-09
182,182,7,Language city firm science.,2023-09-12
183,183,5,Law time share enter news firm decide.,2023-12-08
184,184,1,About foot do sing no time.,2023-01-26
185,185,1,Sit local analysis seven size perhaps great operation.,2023-02-20
186,186,4,Early improve no build apply half work item list.,2025-12-18
187,187,6,North meeting film raise national.,2024-07-13
188,188,9,Need half watch rise check.,2023-04-22
189,189,1,Event recent go have notice detail list according week.,2024-04-11
190,190,9,Poor kitchen skin federal he deep cup be.,2024-01-13
191,191,6,Majority gas rate receive cut.,2023-05-29
192,192,5,Close recognize rather specific such.,2025-02-12
193,193,5,Beyond meeting operation when plant.,2023-09-15
194,194,4,Letter give energy free explain between.,2025-04-12
195,195,6,Beat lose pull win company he common find.,2025-04-01
196,196,10,Surface consider follow simple operation organization need myself positive movie.,2024-12-17
197,197,1,Anything heart analysis ground will feeling green finish responsibility garden that.,2025-12-22
198,198,9,Market what table her money line small college catch wife.,2025-07-14
199,199,1,Affect quite central who hand plant deal compare still.,2025-07-07
200,200,8,By play career here me way economic require personal staff.,2023-07-16
