student_id,studentname,email,phone,address,join_date
1,Jonathan Ward,beckchristopher@example.org,419-315-7369x48500,North Jacquelinestad,2024-03-08
2,Kevin Stokes,clarkcynthia@example.org,001-767-503-1513x597,South Richard,2025-11-12
3,Mark Foster,tlove@example.com,288-908-9698,West Troyburgh,2024-04-30
4,Douglas Goodwin,xgonzales@example.net,(916)889-8619x62359,West Vincent,2024-07-16
5,Andrea Collier,jose21@example.net,(777)696-3147x789,Brendamouth,2024-07-31
6,Mark Boyd,juliancasey@example.com,530.947.5668x19013,Maryberg,2024-05-13
7,Jared Wright,swansonmatthew@example.net,+1-760-631-2611x617,Smithland,2024-01-25
8,Linda Gonzalez,johnpeters@example.com,(361)516-0679x5824,Denisetown,2025-07-09
9,Christopher Garrett,ashlee54@example.org,(467)950-9632x71522,Vincentton,2025-06-01
10,Sharon Cardenas,hwarren@example.com,(281)431-8842x7372,North Andre,2023-09-06
11,Carolyn Wilcox,tracywhite@example.net,319.674.5597,West Tracey,2025-08-01
12,Timothy Simpson,gilbertamy@example.com,(227)960-4164x1022,North Robinton,2024-03-22
13,Sara Hurley,sullivanmonica@example.org,+1-977-252-8326x1946,Chenhaven,2023-05-16
14,Douglas Jackson,iwashington@example.com,482-240-8281,North Fernando,2024-01-13
15,Melinda Key MD,vcochran@example.org,001-710-633-6474x08669,Port Teresaside,2024-04-16
16,Jesse Payne,gcarson@example.org,001-515-740-4553,New Ashley,2025-09-21
17,Jennifer Holloway,smorgan@example.org,6067360328,West David,2023-06-09
18,Robert Sanford,laurensingleton@example.org,390.868.3630,East Melissa,2023-03-17
19,Wanda Morris,jennifermoses@example.org,402-401-4376x6286,Lake Nathanielland,2023-07-15
20,Julia Schneider,bairdashley@example.com,258.205.7977,Marshalltown,2024-09-09
21,Jasmine Mcdonald,lyoung@example.com,+1-677-654-7846x737,Tiffanyport,2024-08-25
22,Linda Hall,donnahogan@example.com,650-872-9867,Markmouth,2023-01-12
23,Belinda Le,wdecker@example.org,500.697.1869x4037,Tracymouth,2024-10-08
24,David Cross,ericlucas@example.org,(205)758-7060x2634,New Robert,2025-11-27
25,Jason Gross,michaelwatson@example.com,653.443.7756x798,New Stacyton,2023-03-28
26,David Martin,pgardner@example.net,443.282.4136,Jennifermouth,2025-11-08
27,Regina Orozco,carrillochristopher@example.net,742.203.9677,Orozcochester,2025-09-04
28,Brittany Phillips,amberwu@example.net,001-941-883-6066x5360,Smithfort,2023-10-08
29,Margaret Foster,daltonedward@example.com,3138068412,East Carolyn,2025-04-10
30,Shane Shelton,saguilar@example.net,641-644-0727x7467,Gutierrezmouth,2025-09-23
31,Courtney Zuniga,stephenbernard@example.com,874.578.4666x3298,South Patricia,2024-08-03
32,Andrew Long,mstewart@example.net,679-784-0151,Port Hannah,2025-05-09
33,Allen Morris,fporter@example.com,419.292.5982,Hansonburgh,2025-08-14
34,Brittany Romero,hutchinsonstephen@example.com,5629594278,South Brandon,2025-03-07
35,Gina Hernandez,luke20@example.net,001-814-333-6411,North Nancy,2023-11-15
36,Mike Thompson,eschaefer@example.net,001-463-923-8379x010,Mcdonaldborough,2023-12-08
37,Diane Jenkins,zbrown@example.org,+1-656-282-7633x4904,Port Brandon,2025-11-15
38,Thomas Gonzales,stacey72@example.net,(740)317-8223x8962,Brennanland,2024-10-23
39,James Wood,matthewmclaughlin@example.com,748.200.2829,Andersontown,2023-07-19
40,Lindsey Miles,crystalroy@example.net,001-717-261-4638x977,Shawtown,2024-11-01
41,Mr. Justin Rice,jenniferrubio@example.org,001-255-829-2943x61585,Dennisside,2023-11-06
42,Michael Mitchell,flynnjeffrey@example.com,854.311.3091,New Catherine,2024-01-15
43,Alexa Bowman,yolanda09@example.com,+1-872-498-5557x437,South Marktown,2023-01-06
44,Jennifer Thompson,bishopchristian@example.org,343-342-1021x0883,Donaldborough,2023-12-03
45,Katherine Arias,timothy47@example.com,954.221.5407x499,Rebeccaside,2024-04-25
46,Barbara Mcdaniel,joshua46@example.com,3242884446,South Annaside,2023-02-09
47,Julie Johnson,wstevens@example.org,288.985.8374x71848,Kyleborough,2024-08-18
48,Linda Evans,hillsamantha@example.com,+1-494-355-0772,East Douglas,2025-04-01
49,Karen Costa,nicole86@example.com,001-860-211-7234,West Meganville,2024-02-26
50,James Peterson,travis32@example.net,(475)629-9152x9687,Keithborough,2025-07-04
51,Marcus Blevins,lsimmons@example.com,001-990-739-7480x62786,Port Miguelfurt,2023-03-07
52,Eugene Fields,mannkristin@example.org,555-482-2481x6713,Hollystad,2024-09-01
53,Bianca Landry,russell82@example.com,345-262-1887x7584,North Phyllis,2025-07-16
54,John Garcia,jonestammy@example.net,6748432225,Johnsonberg,2024-05-04
55,Karen Zimmerman,scurtis@example.com,(564)998-2788x0819,New Jonathan,2024-11-19
56,Norman Santana,mcdonaldbryce@example.org,593-518-7980x802,North Melindahaven,2024-05-23
57,Courtney Shepherd,patriciawright@example.org,975-312-0630x102,New Diana,2025-08-17
58,Tammy Castro,john38@example.com,(210)450-6151x22242,Port Carlos,2023-12-10
59,Patricia Walker,aliciavazquez@example.com,478.302.6385,Sheltonland,2023-08-05
60,Larry King,cjohns@example.org,+1-245-781-7494,South Emilyfort,2024-06-18
61,William Rodriguez,mcollins@example.com,287.248.3592,South Rhonda,2024-12-09
62,Timothy Ashley,xhayes@example.com,518-386-4539x99466,Ericaport,2025-11-25
63,Rebecca Richardson,stephanie05@example.com,995-544-6143,Josephfort,2024-07-05
64,Jessica Hampton,mariatorres@example.org,001-264-343-6243x85312,West Tammy,2025-04-29
65,Mary Williams,jesse10@example.com,+1-521-853-7522x7370,Brownbury,2025-06-02
66,Jasmine Cantrell,david78@example.com,001-727-804-9749x22920,Lake Phillipshire,2024-04-22
67,Elizabeth Marquez,qhoward@example.com,9187541552,Davischester,2023-08-13
68,Trevor Ferguson,christina28@example.org,886-426-2558x9995,Guzmanfort,2025-04-23
69,Tamara Bright,rodney72@example.org,685-517-5177,Williamsport,2024-05-20
70,Debra Miller MD,owenslaura@example.com,(699)839-8693x132,Kramerhaven,2024-02-05
71,Amanda Harper,caitlinhays@example.org,(387)827-6530x678,South Christopherberg,2023-11-22
72,Jesus Jackson,breanna87@example.org,(361)413-2033,Summersfort,2025-08-29
73,Stephanie Cunningham,erica42@example.org,416.387.4539,Jonesborough,2023-02-23
74,Molly Kirby,smithcrystal@example.com,383.720.5070,Joshuashire,2024-01-16
75,Pam Brandt,michaelbanks@example.org,862.771.1909x488,Lake Kristenville,2024-11-04
76,Megan Long,scott94@example.net,(408)277-5931,Lopezmouth,2024-03-20
77,Robert Sheppard,reginald83@example.org,+1-649-913-4536,West Alexandrashire,2023-07-13
78,Michael Little,raymondmelissa@example.org,492.219.4260x32365,Larsenfort,2024-02-13
79,Jeffrey James,carlflores@example.net,893-450-7695x46442,North Yeseniaton,2025-01-17
80,Curtis Church,alyssa04@example.com,001-866-293-4350x7975,South Curtis,2024-04-06
81,Alex Perez,johnsondevin@example.org,361.879.5233x4531,Port Josephhaven,2024-12-25
82,Jill Chan,johnsoncory@example.org,+1-579-270-4678x84878,Jacobton,2025-10-30
83,James Powell,xwall@example.org,(738)445-5967,Matthewburgh,2025-12-03
84,Andrea Caldwell,obenitez@example.org,5517844895,North George,2024-10-26
85,Victoria Butler,garrettmoreno@example.net,(715)500-9668,Jessicaport,2024-02-10
86,James Yates,isaacorr@example.net,917.443.0475,New Chadville,2023-02-05
87,Monica Richardson,ochoakatrina@example.com,+1-724-812-0162x243,Port Davidbury,2023-11-18
88,Heidi Martin,qmartinez@example.org,452.314.7305x86776,South Alexisstad,2023-02-18
89,Tyler Phillips,kevindavis@example.net,(590)327-7599,Deborahtown,2023-04-28
90,Leslie Duffy,marshallanthony@example.org,7788614383,Humphreystad,2023-11-19
91,Madison Williams,vgarcia@example.com,477.532.1932x25976,East Thomaschester,2023-04-03
92,Jesse Hayden,petertownsend@example.com,001-716-871-0936x811,Port Cory,2024-05-29
93,Kenneth Cummings,keith55@example.net,001-961-891-3238x03799,Michaelland,2025-11-11
94,Daniel Harris,lprice@example.net,709.618.3265x10300,Davidmouth,2024-02-16
95,Beth Neal,lrose@example.org,001-220-954-9467x1844,Alvaradoberg,2024-02-04
96,Mike Jones,kathleencrawford@example.net,+1-552-478-0129x25064,East Christopherberg,2024-08-11
97,David Vang,kimberlypark@example.org,(303)720-9442,East Andrew,2024-10-01
98,Sherri Leon,idillon@example.com,(612)895-1784x250,Port Alisontown,2025-04-10
99,Christopher Atkinson,karenbird@example.net,3497212365,South Ryanshire,2024-11-29
100,Johnathan Russell,hgrant@example.org,001-440-906-1084x858,Bethchester,2025-02-07
101,John Swanson,hbowman@example.org,818-835-3618x4444,North Stevenhaven,2023-06-18
102,Denise Smith,vpeters@example.com,(800)904-5666,Port Julie,2024-06-06
103,Heather Daugherty,dana33@example.net,(863)989-2520,South Kristinshire,2023-11-29
104,Kristen Porter,christina26@example.org,323.203.0507x6939,East Dennisshire,2023-10-06
105,Melanie Brown,priceterri@example.com,+1-622-245-2738,North Paulashire,2025-09-10
106,Shane Mcbride,yedwards@example.org,+1-411-548-4645x838,New Alberttown,2024-01-08
107,Russell Murray,jessicafrost@example.com,001-966-541-3708x0134,South Samanthaburgh,2024-06-15
108,Brenda Gutierrez,ramoschristine@example.net,3849456999,Anitaburgh,2025-12-19
109,Jill Martin,jessica81@example.org,804-673-9395x06362,Davisburgh,2025-07-11
110,Megan Garcia,mpotts@example.com,6703543824,Port Patrick,2025-11-16
111,Vicki Clark,stephaniemorris@example.com,4068700778,Conleyport,2025-07-01
112,Sydney Gutierrez,guzmancorey@example.net,001-651-293-8015x7962,Alyssaborough,2023-02-06
113,Elizabeth Kent,jamesdaniels@example.com,+1-329-566-2273x011,East Sandra,2023-04-01
114,Melanie Terry,uskinner@example.org,241-515-4136x32422,Petersonhaven,2023-01-25
115,Jacob Lang,lisa68@example.net,281-851-5221x57128,Roblesmouth,2024-12-07
116,Jason Tran III,kathryn26@example.org,001-648-254-6426x09223,Adkinsshire,2024-12-01
117,Ariana Durham,hartpeter@example.org,934-941-5206x234,Lake Donaldport,2023-11-05
118,Anthony Murillo,jeffreysnow@example.com,621.615.5354x195,Lake Austin,2025-06-18
119,Michael Rogers,robertmoore@example.org,+1-287-425-2479x1622,West Robert,2025-07-01
120,James Ferguson,chambersjohn@example.org,+1-885-319-2394,New Sarahmouth,2023-06-23
121,Janet Duke,martinezsandra@example.net,(293)393-3535x316,Perezville,2025-02-24
122,Charles Benson,zhernandez@example.net,2652492839,Jamesfort,2025-12-31
123,Katie Walton,trujillorachel@example.com,5022609134,East Kimberlyfurt,2025-08-13
124,Ronald Stanley,john33@example.com,330.885.7928x00902,Samuelfort,2025-11-30
125,Jose Dickson,lowekelsey@example.net,618.288.3100,Johnsontown,2024-11-22
126,Mr. Christopher Henderson,cynthia50@example.net,(554)531-4971x3834,Ramosville,2024-07-10
127,Matthew Shaffer,lauratucker@example.com,(729)619-3595x80256,Jonesville,2025-10-22
128,Michael Jensen,qsmith@example.org,(634)899-2007x209,Smithton,2023-03-15
129,Haley Powell,gmcguire@example.com,+1-321-986-1375,Lake Alexander,2024-10-11
130,Riley Woods,timothy48@example.net,402.522.4494x548,Schmidtberg,2023-11-02
131,Jennifer Fields,leahpatterson@example.com,+1-246-822-0387x204,Hughesside,2023-03-20
132,Elizabeth Burnett,brandonnelson@example.net,613.441.4752x07744,Hendersonfort,2025-11-23
133,Debbie Young,edwardwilson@example.org,567-983-2844x5316,North Brianchester,2025-08-17
134,Jonathan Watson,mary65@example.org,+1-521-873-8629,Robinsonmouth,2024-08-22
135,Crystal Brown,hughesjoseph@example.net,957-685-3927,Danielburgh,2023-10-28
136,Richard Curtis,mmclaughlin@example.net,5403620290,Port Elizabethland,2025-07-11
137,Lisa Turner,torresjennifer@example.net,001-894-298-7775,Port Corychester,2023-12-27
138,Katrina Powell,christopher95@example.org,001-586-788-5701x61466,Fredmouth,2023-03-19
139,Matthew Flynn,jacob82@example.org,+1-828-577-9105,Port Ericmouth,2025-07-13
140,Leslie Robinson,oreynolds@example.org,001-956-818-9693x977,South Hannahtown,2023-01-17
141,Jessica Hudson,dmendoza@example.net,511-614-1551,West Timothyhaven,2024-05-21
142,Allen Ramirez,jjuarez@example.com,987-269-6101x0507,East Michael,2025-08-18
143,Joshua Lin,caldwellkevin@example.com,341-588-7162x8447,South Tylerside,2025-12-20
144,Barry Castillo,nstafford@example.org,297-948-8604,Donaldfurt,2023-09-06
145,Christopher Arias,lewisveronica@example.org,699-282-8944,New Hayley,2023-01-11
146,Tiffany Castro,xcruz@example.net,452-392-6032,New Megan,2024-10-29
147,Kyle Reid,lconway@example.net,442.667.4108x20437,Port Amberville,2025-04-03
148,Jennifer Lutz,derrick33@example.net,302.822.3889,Rodriguezville,2023-03-04
149,Linda Adams,piercedanny@example.com,(214)279-9623x2639,Lake David,2025-08-10
150,Christopher Mitchell,jackthomas@example.org,001-450-970-5590x66835,New Jeremiahton,2025-03-24
151,Carrie Thompson,cdrake@example.net,001-709-350-6059x6812,Brightville,2025-04-23
152,Ashley Holder,maciascheryl@example.net,001-369-959-2104,New Chase,2024-04-26
153,William Wright,shelley48@example.org,001-235-454-5320x4924,New Stephenshire,2023-05-10
154,Lori Martinez,wwalton@example.org,2243711495,Huntermouth,2023-03-17
155,Mary Allen,pbrown@example.net,979-765-2625,Connieshire,2023-01-07
156,Jaime Walker,mark99@example.com,886.256.6485,Thomasville,2023-02-11
157,Kendra Porter,jonesedward@example.org,(628)211-2397x3253,Martinezton,2023-11-30
158,Heather Morgan,michellecurtis@example.com,8528848485,West Terriside,2025-11-09
159,Robin Martin,walkertimothy@example.com,+1-688-971-2487x954,Amandaview,2023-03-14
160,Timothy Rocha,vedwards@example.com,(221)871-5959x026,Mercadofort,2024-11-29
161,Eric Young,iyoung@example.org,4916386658,Philipside,2023-02-23
162,Thomas Calderon,larry66@example.com,+1-360-946-7759x37774,Jaredberg,2025-02-03
163,Ashley Shepherd,valdezshannon@example.net,618-309-3213x049,Danielleland,2025-09-05
164,Tanya Weaver,weavermax@example.org,349.314.5084x735,Lake Denisestad,2025-11-01
165,Bobby Mosley,vvalentine@example.org,001-790-919-3936x3531,New Wendyfort,2024-10-11
166,Matthew Miller,coopermichael@example.org,8534617433,Port Toddfort,2025-03-11
167,Taylor Macdonald,quinnwilliam@example.org,001-391-608-1012x61906,Mackton,2024-06-26
168,Elizabeth Thompson,angelahenry@example.net,8569875316,Port Gregory,2025-12-12
169,Julie Williams,dmartinez@example.org,(278)914-8751,Seanburgh,2025-01-23
170,William Meyer,harrellmegan@example.com,001-342-540-3008x958,West Anthonyborough,2023-10-25
171,Peter Skinner,whitejessica@example.org,911.557.1587x3673,Port Lisaton,2025-09-11
172,Michael Wilson,amanda39@example.net,(809)516-2527x628,Robinmouth,2024-09-30
173,Patrick Gilbert,garrett76@example.org,(843)229-7486x36498,Lake Jennifer,2025-09-13
174,Alexis Reed,kendrabarker@example.net,001-513-654-7149x645,Camposmouth,2023-06-27
175,Jennifer Boyle,qrodriguez@example.com,(587)922-9430,Port Bettyborough,2023-09-17
176,Amber Rice,annaharris@example.net,884.537.0359,Williamhaven,2025-01-19
177,Mark Joyce,zlindsey@example.net,(366)907-6645,Krauseport,2025-02-17
178,Diamond Bryant,sethmorgan@example.com,+1-470-520-7289x87848,Alexanderland,2024-12-06
179,Frank Matthews,mary67@example.net,7417382797,Watkinsside,2025-02-26
180,Ashley Smith,karlarush@example.org,703.772.9772,Ericstad,2025-11-19
181,Jessica Curtis,tobrien@example.org,9814318602,East Paul,2023-09-24
182,Christopher Ashley,qmeadows@example.org,6636388652,Moralesburgh,2024-01-06
183,Ruben Nguyen,bcampbell@example.org,833-380-7833,West Seanborough,2025-10-24
184,Robert Johnson,sydneygrant@example.org,636.471.4532x82432,Samanthaville,2024-01-25
185,Gregg Stephens,zcollins@example.org,+1-436-791-7751,Jonesbury,2025-02-10
186,David Bridges,brandonward@example.net,001-832-469-1732x0900,Lake Steven,2025-01-27
187,Elaine Perez,sheila18@example.net,961-870-5479,Kayleeberg,2023-09-16
188,Joshua Brooks,wilcoxmatthew@example.org,001-475-429-5292x22397,South Michelle,2023-07-21
189,Tanya Ewing,brian53@example.net,(616)260-2604x945,Susanmouth,2025-07-31
190,Albert Fields,kruegersheri@example.com,(712)204-8495x872,Stewartberg,2025-05-08
191,Alexandra Coleman,john92@example.net,756-219-2714x9588,Clarkport,2024-08-12
192,David Chavez,santosnorma@example.org,389-310-9625x29756,Port Jamesburgh,2025-10-20
193,Edward Herrera,fmorris@example.net,846.959.2521x19066,Freemanborough,2023-04-24
194,Nicole Bowen,jasonbraun@example.net,001-250-384-6624x000,South Luishaven,2025-10-29
195,Ethan Morris,moorekaren@example.com,461-229-1554x56205,East Danielbury,2025-11-22
196,Jason Johnson,obond@example.net,490.212.8535x7006,East Alexander,2025-08-07
197,Sara Farley,mcintyremadeline@example.net,+1-869-253-0824,Port Robert,2023-10-05
198,James Huff,brentjimenez@example.org,847-889-3762,Port Daniel,2023-05-08
199,Marie Benson,marshallheidi@example.org,(909)828-0678x09474,Raymondfurt,2023-09-26
200,Jessica Chandler,jessicasavage@example.org,5828713752,Port Wendyside,2023-10-07
